rel_pos,shannon,z_score,percentile,min_max,pdb_num
1,2.10377102969418,0.006230919663133883,0.502485761214717,0.5481464716375021,1
2,2.9793450201537697,1.1520255765595222,0.8753447182884921,0.8203958971311058,2
3,3.0793332723489364,1.2828723197999128,0.9002315940463061,0.8514860671371323,3
4,3.2199138867250086,1.4668390873951511,0.9287900830601379,0.8951979543293659,4
5,2.6020010390003314,0.6582252557086532,0.7448033007855743,0.7030652281049864,5
6,3.1336674815863548,1.3539752160819816,0.9121278575866536,0.8683806499030868,6
7,2.7706895157704032,0.8789745669823752,0.8102924670548672,0.7555169242362716,7
8,2.1429978431905403,0.05756395810527466,0.5229520203447808,0.5603435875348384,8
9,2.369412877950997,0.3538554650439043,0.6382763979593025,0.6307446773436997,9
10,2.140960812557936,0.05489825670230425,0.5218902396318208,0.5597101968385839,10
11,0.7258529767956956,-1.7969418102890646,0.03617242906281876,0.1196990732834606,11
12,2.553758872769165,0.5950945358527979,0.7241098595430017,0.6880648943991987,12
13,2.0292535930274007,-0.09128417524460072,0.4636333959060218,0.524976151889724,13
14,2.4221811314903,0.422909118553359,0.663819215182886,0.6471523446190093,14
15,3.461255230036796,1.78266347764422,0.9626794500212391,0.970240204076872,15
16,2.48152784881592,0.5005714890177252,0.6916636339874616,0.6656055077701332,16
17,3.2178664296182533,1.4641597416874144,0.9284248464290497,0.8945613216437099,17
18,3.2396677934524623,1.4926894678630158,0.932240754218763,0.9013401990926906,18
19,2.6759184337746045,0.7549551230949687,0.7748620452973729,0.7260489718896969,19
20,2.5812892762132846,0.631121404526588,0.73601942665279,0.6966251492753566,20
21,3.128824042607324,1.3476369893145728,0.9111124162592644,0.8668746395672128,21
22,1.6563336006934442,-0.5792951706852084,0.2811950117709269,0.4090210701099341,22
23,3.4333832067557686,1.7461895580208997,0.9596109906645864,0.9615737265338136,23
24,2.0028155184554155,-0.12588159923535713,0.4499128242404868,0.5167555438179814,24
25,0.9268176139060088,-1.533955232415443,0.06252033329242948,0.1821866615329638,25
26,2.90485085657197,1.0545409373034056,0.8541823357853647,0.7972328138751426,26
27,2.572468698542839,0.6195786098848338,0.7322323735459519,0.6938824944803689,27
28,3.0206254185225805,1.2060459796332934,0.8861001189280927,0.8332315510707079,28
29,2.7436910521929754,0.8436438060775299,0.8005657612293546,0.7471220697999187,29
30,3.1617910722617832,1.390778342122457,0.9178536737137086,0.8771253493661026,30
31,2.253356089570262,0.201981095233763,0.580034248295985,0.5946581851619219,31
32,1.2927455853087608,-1.055094143563171,0.1456911351095142,0.29596765671093456,32
33,2.8876916494112184,1.032086035609663,0.8489840924990061,0.7918973603985171,33
34,1.905496386624194,-0.253235475071114,0.4000431272790613,0.4864953053695106,34
35,1.955105038121256,-0.188316543672372,0.4253142586930783,0.501920531583115,35
36,2.6173990664712026,0.6783754403819179,0.7512331615279431,0.7078530634888115,36
37,2.7526427206739315,0.8553581489286737,0.8038235474640917,0.7499054857392963,37
38,2.4770395505714813,0.4946980069327492,0.6895933456888224,0.6642099242651333,38
39,3.251043833706329,1.507576394932054,0.9341685110377326,0.9048774448963052,39
40,3.030104523628945,1.2184505372165206,0.8884735948378102,0.8361789672200235,40
41,2.1658541273793053,0.0874741753859934,0.5348526941056996,0.5674504800500484,41
42,1.8910577170082608,-0.27213022374900103,0.39276094548806506,0.4820057710175748,42
43,2.530799066021933,0.5650488467608415,0.7139797298752937,0.6809258127630515,43
44,3.2001526045313198,1.4409790552360584,0.9252046999797231,0.8890534162516363,44
45,1.7793756253693445,-0.41827977280506,0.3378712883601069,0.4472795392908201,45
46,2.66892145554267,0.7457987292779678,0.7721054961518738,0.7238733438735705,46
47,3.020207823796107,1.2054995063351432,0.8859947357560565,0.8331017049062373,47
48,2.6311430208851165,0.6963610700416387,0.7568986316844479,0.7121265843265356,48
49,1.1621198415800564,-1.2260337567178567,0.11009298607139056,0.25535111936250604,49
50,2.8565972954983296,0.9913953059154978,0.8392537042691754,0.7822289370772223,50
51,3.0164837269277345,1.2006260743464816,0.8850518590202996,0.8319437408233107,51
52,1.6242552293105388,-0.6212736064690056,0.2672098082445409,0.39904667813972217,52
53,2.6984209066854365,0.7844023354483798,0.7835979657690302,0.7330458509529314,53
54,2.884824717079807,1.0283343072773838,0.8481037008136088,0.7910059215382262,54
55,3.1433695937525648,1.366671605424037,0.9141358691036936,0.8713974074725284,55
56,1.3623819889581532,-0.9639664717771782,0.16753136785552858,0.3176202766991509,56
57,2.5673858787537407,0.612927124322479,0.7300377363464745,0.6923020514994814,57
58,3.1611509712064887,1.3899406923326951,0.9177265562205631,0.8769263174779236,58
59,2.5272372213863057,0.5603877414782892,0.7123925043902264,0.6798182991019411,59
60,2.5801929089135958,0.6296866750717758,0.7355501988524189,0.6962842467694317,60
61,3.0907076680795464,1.2977570948110089,0.9028145913289172,0.8550228015955991,61
62,3.5569649022406344,1.907911180544692,0.9717986515130609,1.0,62
63,2.2736242392766135,0.22850442494862044,0.5903729417487585,0.6009603277261113,63
64,0.6363837680453646,-1.91402311062448,0.027808601435562956,0.0918796760114386,64
65,2.0776076738636813,-0.028007001567633926,0.4888282834475942,0.5400112841245666,65
66,2.959716139266293,1.1263388075522325,0.8699889313192555,0.8142925276809777,66
67,2.690376110247833,0.7738747445486243,0.7804975670090293,0.7305444162001691,67
68,1.6353947398369215,-0.6066962072078981,0.27202626984673106,0.40251037780889104,68
69,2.919242152112638,1.0733736912636496,0.8584482581443809,0.8017076178160396,69
70,2.2265247048731847,0.16686897728824754,0.5662634283019512,0.5863152819366414,70
71,2.7133605416158635,0.8039526579405774,0.7892878415661773,0.7376911545722838,71
72,2.0570471327358915,-0.05491296088553728,0.4781039030832075,0.5336182258897734,72
73,2.9228564607276195,1.0781034520200723,0.8595062043610768,0.8028314445339493,73
74,2.6717290865599104,0.7494728546553121,0.7732138730506022,0.7247463436882868,74
75,1.6830071819085195,-0.5443895577164142,0.2930867150198267,0.4173149062000736,75
76,3.1211347179590185,1.3375745763224451,0.9094824216547512,0.8644837345828881,76
77,2.7684384661262444,0.8760287957708163,0.8094928101901682,0.7548169868477042,77
78,3.1473537494363035,1.3718853558830648,0.9149504350682244,0.8726362337828046,78
79,2.8759757839952664,1.0167544061405551,0.8453648616286189,0.7882544499610121,79
80,2.050005258514661,-0.06412810654442927,0.4744341110572147,0.5314286379942696,80
81,2.784862226895324,0.8975212767494688,0.8152795874060867,0.7599237619261635,81
82,2.0152922959248167,-0.10955422414713496,0.4563814579442498,0.5206350509014125,82
83,2.3126483627224763,0.2795722189004085,0.6100971382111282,0.6130944195382162,83
84,3.3276186316980434,1.6077837964170758,0.9460587307768044,0.9286874769297948,84
85,2.4520773470456567,0.46203193903226597,0.6779707917361302,0.6564482209219435,85
86,1.8073958986535268,-0.381611850089653,0.3513746465969022,0.4559921134272311,86
87,2.6879993064242287,0.7707644087560461,0.7795767065530939,0.7298053770298212,87
88,2.7532484089576377,0.8561507654371324,0.8040428041495242,0.7500938173812408,88
89,0.8853726715349703,-1.5881909612533776,0.056121582192318616,0.16929984457280256,89
90,2.4310771982772206,0.43455069985078604,0.6680557067820025,0.6499184718661432,90
91,1.612462882465146,-0.6367053211555368,0.2621584034376761,0.39537998670203534,91
92,0.9621329882807496,-1.4877407859999734,0.06840963350292929,0.19316756147903008,92
93,2.750122169960826,0.8520597029138525,0.8029095218358541,0.7491217501657781,93
94,2.9948681965257964,1.1723395337338238,0.8794696173331898,0.8252226460925521,94
95,2.0318128717620256,-0.08793504892107601,0.4649641497408544,0.5257719294856459,95
96,2.454381689341905,0.4650474501363776,0.6790512615737169,0.6571647290333426,96
97,1.6085450545329354,-0.6418322737149774,0.26049104606564993,0.394161784225318,97
98,3.2419398992200144,1.4956627935633349,0.9326292246806632,0.9020466836349644,98
99,2.6547923448246937,0.7273090759262774,0.7664816802380571,0.7194800632169748,99
100,0.5745529520091568,-1.9949362252416047,0.02302491797611686,0.07265411160788385,100
101,1.7255436097478216,-0.48872548789160297,0.31251802828277003,0.4305411077181446,101
102,3.050109513789411,1.2446294907794233,0.8933660125747274,0.8423992834212086,102
103,0.8332894707731422,-1.6563481401979463,0.048825668400396184,0.1531051863945339,103
104,1.7686276640911942,-0.4323447824321387,0.33274542190669754,0.4439375872512581,104
105,2.3003115422373432,0.2634279944842222,0.6038896420625259,0.6092584304315364,105
106,2.133734377595413,0.0454415909508222,0.5181223347875985,0.5574632219531366,106
107,2.868563484443865,1.0070545140539324,0.8430457110172442,0.785949682669562,107
108,1.7366598043967527,-0.4741786002812482,0.317686276106547,0.4339975575896832,108
109,2.9158397833047136,1.0689212794248,0.8574474287441718,0.8006496912862799,109
110,2.7744226019595377,0.8838597625864604,0.8116140397488356,0.7566776834426713,110
111,2.006787491234728,-0.12068379158293313,0.4519707487969615,0.5179905819975377,111
112,2.0127417520521917,-0.11289191984535925,0.4550581212038074,0.5198419893080067,112
113,2.4296072995385614,0.4326271592485224,0.6673571723356712,0.6494614241563045,113
114,2.011109635017073,-0.11502774274398896,0.4542115662302618,0.5193345017284408,114
115,2.4486691394618596,0.457571886447723,0.6763699773838667,0.6553884788935576,115
116,2.636399001047708,0.7032391569339752,0.7590466396968989,0.7137608694871995,116
117,2.8241250179201343,0.9489013961468638,0.8286646177886492,0.7721320646124611,117
118,2.6323330176844832,0.6979183250415532,0.7573858632338043,0.7124965998232234,118
119,3.353177053606812,1.641230088313434,0.9496251689184378,0.936634567360762,119
120,1.29714845813902,-1.0493324509833617,0.1470125677552625,0.29733667818898263,120
121,2.365935392831679,0.349304754410004,0.6365697352564299,0.6296633942811456,121
122,2.9418534476175617,1.1029633111671,0.8649784508888694,0.8087383339838993,122
123,2.554407078331741,0.5959427913723344,0.7243932773386565,0.6882664462885147,123
124,2.8510246986892303,0.9841028877778231,0.837467536398066,0.7804962036973871,124
125,2.1335155727181028,0.045155258257004935,0.5180082217072545,0.5573951871522038,125
126,2.009343888026656,-0.11733843663062272,0.4532959336834746,0.5187854634873028,126
127,2.5955457231072128,0.6497776926934126,0.7420820848916198,0.701058023616924,127
128,2.105802872381556,0.008889832011166748,0.5035464831422893,0.5487782492032577,128
129,2.676751745804646,0.7560456128559171,0.7751890757319939,0.7263080804560861,129
130,2.9025457238387817,1.0515243918167847,0.8534910936407112,0.796516059986682,130
131,2.921752506383516,1.0766587939983472,0.8591836362380769,0.8024881829258749,131
132,2.594863944378119,0.6488855026175381,0.7417938070089927,0.7008460325466865,132
133,2.317680751943963,0.2861577099545405,0.6126213337521254,0.6146591817277495,133
134,2.971240141464432,1.1414193607534058,0.873152274166203,0.8178757805094262,134
135,2.119053861417836,0.026230356743282685,0.5104631984859268,0.5528984882597601,135
136,2.6837810082102687,0.7652442544259546,0.7779369440148614,0.7284937468559869,136
137,2.098190679858225,-0.0010716442495900523,0.4995724758811191,0.5464113275452311,137
138,2.9902369533451365,1.1662789908796418,0.8782491677161577,0.823782615542314,138
139,2.158880004442913,0.07834769049251021,0.5312242587531167,0.5652819586190294,139
140,2.6094035692257087,0.6679123634484563,0.7479052325127882,0.7053669577395091,140
141,1.0423701081778716,-1.382740792550396,0.08337217957030603,0.21811634939789765,141
142,2.6128730106927582,0.6724525479887405,0.7493521803391253,0.7064457397230761,142
143,0.7200651423241641,-1.804515892987662,0.035575234980924686,0.11789941428616738,143
144,2.174341664739704,0.0985811464286679,0.5392645799683343,0.5700895798810189,144
145,0.8128064076830228,-1.6831527101158028,0.04617276637686485,0.1467362190435198,145
146,1.9444702239800349,-0.2022334865611184,0.4198670977261078,0.4986137613138668,146
147,1.5396926469726009,-0.7319339916242474,0.2321044288696277,0.37275293859216574,147
148,1.3617256179293102,-0.9648254127987076,0.16731613253190106,0.3174161858542192,148
149,1.6426010240030648,-0.5972659112150831,0.2751649299523359,0.4047510870414098,149
150,1.3753752331247668,-0.9469632374371064,0.17182875610668802,0.3216603730224805,150
151,2.4532958836483743,0.4636265418229372,0.6785423325412884,0.6568271105345261,151
152,0.6061163336341365,-1.9536317159556444,0.02537239350976121,0.08246837357508273,152
153,1.3364580981162577,-0.9978910240551844,0.1591661024846368,0.3095595480055539,153
154,0.4477485162920314,-2.1608751938479926,0.015352490785615463,0.03322576500303878,154
155,1.2640444474178438,-1.092653060114584,0.1372730782833539,0.2870433757398731,155
156,0.3902099985375589,-2.236171316080001,0.012670275682960069,0.015334840223299534,156
157,1.979645065557744,-0.15620294433845525,0.4379365279893737,0.5095509642409811,157
158,0.9147178564403065,-1.5497892311465689,0.06059605629349624,0.1784243843815831,158
159,1.7300262712080263,-0.4828593822217876,0.3145977918355963,0.4319349385314405,159
160,2.46452262162364,0.4783180887699672,0.683788088171104,0.6603179325521251,160
161,2.5694218720208006,0.6155914682069396,0.7309179081768322,0.692935119639131,161
162,2.3659826974525964,0.3493666582382174,0.6365929694666663,0.6296781030961723,162
163,1.474382510686469,-0.8174002183660279,0.2068498754752016,0.35244552051379713,163
164,1.7465045383117483,-0.4612955730999043,0.322293280298154,0.4370586617130344,164
165,1.7280057292986304,-0.48550350613255605,0.3136596131069712,0.4313066748095704,165
166,0.7088016003145907,-1.8192556024730047,0.03443622171834898,0.11439714848733999,166
167,0.9401413338034248,-1.5165195305389745,0.0646940178232573,0.18632951539458348,167
168,1.3366625647299302,-0.9976234547166564,0.1592309916362688,0.3096231244921918,168
169,1.8017638274696133,-0.3889820976530836,0.3486446947876833,0.4542408871906516,169
170,2.4237099444863586,0.4249097555998736,0.6645487686489437,0.6476277110236757,170
171,0.6578274444319181,-1.8859614618139304,0.02965007405004554,0.09854733475909687,171
172,0.9451223761708408,-1.5100012330649206,0.06552155477100216,0.18787831188427426,172
173,2.647053068149376,0.7171812946542826,0.7633688802547669,0.7170736262378619,173
174,1.3980768848444276,-0.9172553754785108,0.17950441766410136,0.32871918439168224,174
175,2.3182443945417464,0.2868953045884338,0.6129037570843587,0.6148344397585982,175
176,1.9494418676278829,-0.19572748845043075,0.4224117339275851,0.5001596353823452,176
177,0.4631419758949084,-2.140730986783472,0.01614786907772247,0.0380121800620819,177
178,0.7442277449052787,-1.7728961998083108,0.038122954249139404,0.12541249112812086,178
179,1.7468659257153898,-0.4608226538941329,0.3224629236440578,0.4371710308721165,179
180,2.2530900459240315,0.20163294488704914,0.579898156062598,0.5945754620218657,180
181,2.3566948553457223,0.3372123914645234,0.6320216016162998,0.6267901579250915,181
182,1.284373417017847,-1.0660501401995393,0.1432004883952963,0.2933644295340507,182
183,2.3767642989049365,0.3634756901092912,0.6418752152760929,0.6330305151519027,183
184,1.7357875222522279,-0.4753200871588768,0.3172794218923346,0.433726331724933,184
185,2.088973515233654,-0.013133420973935495,0.4947606737066768,0.5435453587052909,185
186,2.495084009721083,0.5183113681169322,0.6978794787223562,0.6698206364269269,186
187,2.5394740494639905,0.5764011137135829,0.7178279540943511,0.6836231967465879,187
188,3.0593440309935516,1.2567139754566905,0.8955713871709444,0.8452706478415001,188
189,1.5200858673166735,-0.7575918384921222,0.2243476837950198,0.36665644125982266,189
190,2.2867690503552263,0.2457060029579001,0.5970450875273964,0.6050475519965535,190
191,2.3858130922149168,0.3753171325675042,0.646287687019445,0.635844130913558,191
192,2.10500907220222,0.007851048294385592,0.5031320829336822,0.5485314263817307,192
193,1.6081460060866533,-0.6423544769583069,0.2603215251397337,0.3940377048083548,193
194,3.036058497932891,1.2262420340164415,0.8899461962145964,0.8380302854424871,194
195,2.5522283607291842,0.5930916754014434,0.7234400993596678,0.687588999696825,195
196,1.8564651921695527,-0.3173987339613039,0.3754705338720165,0.4712496326256978,196
197,1.6367454980575,-0.6049285764094031,0.2726132273697399,0.4029303801770977,197
198,2.170574142191312,0.09365088667595553,0.5373067572576816,0.5689181130940766,198
199,0.540512434211442,-2.0394823673559164,0.020700954631284636,0.062069613307439674,199
200,2.6305874948605474,0.6956340969272546,0.7566709964195706,0.7119538500485836,200
201,1.1073418936129475,-1.2977173388940662,0.0971922416396031,0.23831856126203535,201
202,2.1731305822740072,0.09699629827948048,0.5386353329328452,0.5697130080445961,202
203,2.4629359607293098,0.47624175073932795,0.6830489208387747,0.6598245790244492,203
204,1.4834498196115506,-0.8055345459819795,0.2102556397292178,0.3552648934880112,204
205,2.3559867932633702,0.33628580643624434,0.6316723239286616,0.6265699943555535,205
206,2.016119179732077,-0.1084721464945814,0.4568105870012013,0.520892160687598,206
207,1.7743790402781257,-0.4248184098164696,0.33548452806944323,0.4457259099741244,207
208,1.1435853203795296,-1.2502884234748597,0.10559710287895058,0.2495880281747541,208
209,2.45870274820848,0.4707020792315798,0.6810732503040066,0.6585083114224577,209
210,1.257251221455012,-1.1015428193994812,0.13533023955678616,0.2849311020933496,210
211,2.162633472552802,0.08325955830951053,0.5331774218033954,0.5664490553437611,211
212,2.337584323635151,0.3122039451618549,0.622557232974338,0.6208479630497624,212
213,1.8866949793187269,-0.2778393946341304,0.3905678243687897,0.4806492290890835,213
214,1.8769901313398063,-0.2905393641186078,0.3857018203114364,0.4776316208508842,214
215,2.0844652044038927,-0.01903309195166446,0.4924073533133932,0.5421435525224634,215
216,2.6371374765511137,0.7042055416087951,0.7593476097726709,0.7139904897520017,216
217,1.8743312937278167,-0.2940187752963807,0.3843717782646696,0.4768048865940056,217
218,2.400446120246465,0.3944662227819842,0.653381569966605,0.6403940987269344,218
219,2.6754065452821805,0.75428525497881,0.7746610228670759,0.7258898061886849,219
220,2.020780756354098,-0.10237190865697678,0.4592307400748267,0.5223416230643565,220
221,2.72792582153702,0.8230130915437981,0.7947497256479229,0.7422200569082328,221
222,3.1502005403487057,1.3756107267281028,0.9155289080380192,0.87352140990595,222
223,1.6624168185585648,-0.5713345430254795,0.2838864452848977,0.4109125750963513,223
224,2.1210022585435606,0.0287800704630746,0.5114800021189216,0.5535043194104017,224
225,2.8338330389793898,0.9616055179914309,0.8318761006796782,0.7751506594826385,225
226,1.9215618718493923,-0.2322118410526825,0.4081867406353964,0.491490678885049,226
227,2.2075343764951088,0.1420178316107864,0.5564670395705102,0.5804104628725755,227
228,0.8001235974467777,-1.6997497040437433,0.04458900787095856,0.14279264849655815,228
229,1.0809255444739092,-1.332286332523413,0.0913830582910088,0.2301047084579261,229
230,0.4017279359194035,-2.2210986994258017,0.013172138558879184,0.01891620726851353,230
231,1.6996737003844609,-0.522579398864191,0.3006334899241371,0.4224971639298536,231
232,2.4950670285446312,0.5182891461899927,0.6978717277105545,0.6698153563300036,232
233,2.9604288853818184,1.1272715222054668,0.8701861505295947,0.8145141476954927,233
234,2.3923433585664657,0.3838627773390992,0.6494599219509267,0.6378746403643883,234
235,1.117969597028752,-1.2838097012511112,0.09960427416189603,0.24162312053491924,235
236,3.2832352233447057,1.5497027287971803,0.9393935585581756,0.9148869785626588,236
237,3.2611206914773816,1.520763184304722,0.9358403618447354,0.908010725200246,237
238,1.5075522019309824,-0.773993658311729,0.21946727074522,0.3627592455484786,238
239,2.9072795157600497,1.0577191321235409,0.8549082449128393,0.7979879768606573,239
240,2.5667076990197217,0.6120396439677388,0.729744235687656,0.6920911794943969,240
241,2.7158042440263577,0.8071505386399799,0.7902101209678944,0.7384509950707268,241
242,2.3725914649219604,0.3580150312341914,0.6398339675853968,0.6317330215455096,242
243,2.800751616488167,0.9183144682960436,0.8207728726065936,0.7648643805777352,243
244,2.3094517278004734,0.2753890347793757,0.6084913162470077,0.6121004635384824,244
245,2.529181164262153,0.5629316262724099,0.7132592782569589,0.6804227452560166,245
246,1.830631829175404,-0.3512048195815769,0.3627173473242258,0.4632170525007066,246
247,2.7635621112831816,0.8696474946070171,0.8077534629915892,0.7533007417113794,247
248,2.8472701232668287,0.9791895709082296,0.836256839651278,0.7793287626668642,248
249,1.10392758414821,-1.302185376529165,0.09642651146298896,0.2372569219255993,249
250,1.1423042441621123,-1.2519648669290824,0.10529133311031123,0.249189692605167,250
251,0.5997742080919887,-1.9619311556817431,0.02488524997575027,0.08049636429423171,251
252,1.217125841262077,-1.15405174124042,0.1242394783690694,0.2724545874592123,252
253,1.1668319492656514,-1.2198673928608843,0.11125757425696504,0.25681629377865545,253
254,1.3375045168680215,-0.9965216583274316,0.1594983745681956,0.3098849195984719,254
255,1.6325620062923274,-0.610403182283875,0.2707973803155445,0.40162957265878896,255
256,1.77650838634325,-0.4220319024844939,0.3365008658236112,0.4463880050674276,256
257,2.0627577168588456,-0.047439969628220856,0.4810812868542706,0.5353938648005307,257
258,1.291363974192387,-1.0569021491141573,0.14527812376913707,0.2955380609979658,258
259,0.8795739481033595,-1.5957792934756174,0.05526903894481321,0.16749679978155235,259
260,1.852095920968236,-0.3231164547382459,0.3733035245131189,0.4698910591786267,260
261,2.1897764746724717,0.1187794654101315,0.5472749611374871,0.5748888523383849,261
262,1.2570442873369323,-1.101813617766505,0.1352713544307525,0.2848667583652626,262
263,1.4059508385070023,-0.9069513530503291,0.18221626152697845,0.3311674975946293,263
264,0.7050492042000265,-1.8241660674542337,0.03406348492214459,0.11323038508693532,264
265,1.0614382941181788,-1.357787760819014,0.08726551982974695,0.2240453773544373,265
266,2.371591899918772,0.3567069793135619,0.6393444099558655,0.631422218574171,266
267,3.3057067133071314,1.5791093962085014,0.9428445165831564,0.9218742238428028,267
268,1.5130885516165908,-0.7667486739270849,0.2216154790139856,0.3644807083119481,268
269,1.6402187013955103,-0.6003834690051528,0.27412535114516523,0.4040103318701573,269
270,2.8544131439612834,0.9885370789829162,0.8385551578117046,0.7815498008675689,270
271,3.0905332411980355,1.2975288361018285,0.9027753550221788,0.8549685656100633,271
272,1.7704699945538156,-0.4299338697927614,0.3336218733931893,0.4445104382215739,272
273,1.5905943590546467,-0.6653229337742161,0.25292198253456377,0.3885802267733777,273
274,2.9757916827309647,1.1473756039957383,0.8743867902762184,0.8192910286876797,274
275,0.8234281772879215,-1.6692528375833982,0.04753364132216183,0.15003893326775253,275
276,1.7770211153868891,-0.4213609344052238,0.3367457705053388,0.4465474321279453,276
277,2.179117334775073,0.10483068932195748,0.5417449211733937,0.5715745182616049,277
278,1.9865946166793493,-0.14710861464190494,0.4415231451789912,0.5117118453554399,278
279,1.9100930677289325,-0.2472201608810461,0.4023689216731845,0.4879245892490893,279
280,1.6506363355168787,-0.5867507324873629,0.27868556489312396,0.4072495725687719,280
281,0.4256283098847292,-2.1898221641635778,0.014268568326333926,0.02634774720921773,281
282,0.4958794794209988,-2.0978899967254736,0.01795743194026684,0.048191521413227606,282
283,1.170564844906894,-1.2149824466118042,0.11218639316690844,0.2579769937364311,283
284,0.3408920349714979,-2.300709847099341,0.01070401856339575,0.0,284
285,1.2647158204489264,-1.0917744871553816,0.1374661178088526,0.2872521312808048,285
286,0.9582103991270714,-1.4928739691946056,0.06773509010194803,0.19194787855654427,286
287,2.0440251107398684,-0.07195385450230482,0.4713193156915948,0.529569181439148,287
288,1.1029641932513339,-1.3034460902485887,0.09621125495466716,0.2369573668667944,288
289,1.6848217806042098,-0.5420149354542318,0.2939041085182612,0.4178791343039073,289
290,1.730723317448792,-0.4819472127569777,0.3149217229097183,0.4321516768547104,290
291,2.054217384758501,-0.05861602898507669,0.4766289716754975,0.5327383490666486,291
292,0.9721527318950004,-1.4746287374218128,0.07015619224080663,0.19628308280823392,292
293,3.010733532721365,1.1931012484955943,0.8835851386865871,0.8301557856233862,293
294,2.2693548144060105,0.22291736519346572,0.5882000895231989,0.5996328003202327,294
295,2.7039673635723585,0.7916605463305983,0.7857206835131287,0.7347704564316722,295
296,1.5595290931592631,-0.7059755982729784,0.2401016562548699,0.3789208480287159,296
297,1.879933990348476,-0.2866869679081868,0.3871760085140081,0.4785469791559244,297
298,1.5247288575492222,-0.7515159231971924,0.2261711107420892,0.36810012441756496,298
299,2.975835651186998,1.1474331420479689,0.8743986748302452,0.8193047001615076,299
300,1.2980239529049706,-1.0481867600013348,0.1472762846947251,0.29760890298054776,300
301,2.5753940584885124,0.623406797829855,0.7334913840162428,0.6947921007195327,301
302,3.218051002933666,1.4644012782347648,0.9284578304608684,0.8946187125434286,302
303,2.457762096669517,0.4694711227172387,0.6806335393837881,0.6582158268993192,303
304,2.264334179101987,0.21634725556451695,0.5856414617268544,0.598071692872973,304
305,3.179257776072064,1.4136356404404509,0.9212655444473672,0.882556415306195,305
306,2.6571881396713777,0.7304442637736339,0.7674406648660758,0.7202250074223958,306
307,2.9507683003874954,1.1146294761995328,0.8674953831951111,0.8115103025113111,307
308,1.963376965935172,-0.1774917238459606,0.4295610827218938,0.5044925901636594,308
309,2.9254055915317543,1.0814392985469596,0.8602491257148641,0.8036240667503418,309
310,2.6695950977597813,0.7466802717420387,0.7723717094684937,0.7240828049911862,310
311,1.3939038431156985,-0.9227163062141004,0.1780775329562596,0.3274216261891927,311
312,2.5287806398387604,0.5624074915341921,0.7130807919783038,0.6802982069013453,312
313,2.3351442728083813,0.309010843002207,0.6213433606539758,0.6200892579682942,313
314,0.5591800575623564,-2.015053520307588,0.021949520792140832,0.06787409104203954,314
315,2.719016090103929,0.8113536284011584,0.7914186895359145,0.7394496808002259,315
316,0.7712787126230443,-1.7374967308740827,0.04114976527762512,0.13382367110885782,316
317,2.416738021375624,0.4157861494448084,0.6612167525751422,0.6454598736025494,317
318,2.925500023310033,1.081562873970821,0.8602765956147688,0.8036534292001917,318
319,2.7136420100653678,0.8043209935113469,0.7893941918113844,0.7377786738733447,319
320,2.6883509658004217,0.7712245976591888,0.7797130916208408,0.729914721373282,320
321,2.6327094317712607,0.6984109084829409,0.7575398718293307,0.7126136413525397,321
322,1.8246342475562232,-0.35905338183723545,0.3597775776163684,0.4613521750968954,322
323,1.8483596651454184,-0.32800579819205816,0.3714536393110759,0.468729314411945,323
324,0.8403845577196543,-1.6470633592404154,0.04977251170534805,0.1553113201605691,324
325,1.4934379044655073,-0.7924639267276499,0.21404510875018426,0.35837057089837343,325
326,1.579122292251806,-0.6803355232178036,0.2481460183013539,0.3850131226447385,326
327,2.2870035695552704,0.2460128997470677,0.5971638766126364,0.6051204729811589,327
328,3.4325917347808965,1.74515382104176,0.9595209514544228,0.961327627640058,328
329,2.9215076232853914,1.0763383347927822,0.8591120149841528,0.8024120394091601,329
330,2.356978332624144,0.337583355831334,0.6321614066465349,0.6268783018478572,330
331,1.834239936888996,-0.3464831734559646,0.3644898138221085,0.4643389511213234,331
332,2.120365807652977,0.027947197356114936,0.5111478674592733,0.5533064224979715,332
333,2.2289975567367235,0.17010500357890046,0.5675362207102721,0.587084186114375,333
334,2.2671126448465118,0.2199832146486541,0.587057886357239,0.598935624089458,334
335,3.1585910476321644,1.38659072215829,0.9172167004998928,0.8761303393766878,335
336,2.481926583187016,0.5010932812556183,0.6918472624362941,0.6657294895291145,336
337,1.7717293463311117,-0.4282858554007151,0.3342215078199837,0.44490201883223496,337
338,1.6399438981978527,-0.6007430822862747,0.2740055596640081,0.4039248850506979,338
339,3.062275662140721,1.2605503700287288,0.8962645553434303,0.8461822040369473,339
340,1.24884915885536,-1.1125379363610268,0.1329534642273395,0.2823185796330651,340
341,0.46074560032188705,-2.143866934581605,0.016021775128929508,0.03726705528664229,341
342,3.096746735824651,1.305659946689174,0.9041658877303318,0.8569005786219114,342
343,2.8407433248158127,0.9706484643046766,0.8341383183433481,0.7772993315188821,343
344,1.80790090064876,-0.3809509937894833,0.35161980636396595,0.4561491378530059,344
345,0.7719890865110043,-1.7365671205680526,0.04123180364695672,0.13404455350713607,345
346,0.6091256971401459,-1.9496935991734927,0.02560632484460174,0.08340409973248307,346
347,2.9540987210708933,1.1189877351997255,0.8684273142871,0.8125458576186885,347
348,2.768873181657331,0.8765976737162741,0.8096473984083705,0.7549521565248315,348
349,2.242659423856022,0.18798321206737328,0.5745550943004201,0.5913321828741309,349
350,3.087732463183823,1.2938636787093014,0.9021437438258348,0.8540976966559681,350
351,2.68070977968973,0.7612251797763137,0.7767387094727319,0.7275387845005641,351
352,2.6629661986753246,0.738005554088435,0.7697444629747286,0.7220216268531157,352
353,2.2152285635491356,0.15208660764996304,0.5604406865609437,0.5828028797647216,353
354,1.3233339408505551,-1.0150655740477172,0.15503728525994334,0.3054787457951094,354
355,2.1746452239661966,0.09897839045779276,0.539422286121872,0.5701839680491423,355
356,2.044011192518988,-0.07197206818075104,0.47131206827547795,0.5295648537322039,356
357,2.071572706788516,-0.035904487222319155,0.4856792589450469,0.5381347821533006,357
358,2.0066853109537486,-0.12081750686143865,0.4519177916065789,0.5179588102419848,358
359,2.2862978080188228,0.24508932526185465,0.5968063659416131,0.6049010247392891,359
360,3.027556209386487,1.2151157592595274,0.8878390281077952,0.8353865989038722,360
361,0.5220141288301209,-2.0636896413253387,0.019523576064360854,0.05631778300235441,361
362,2.4983195256146247,0.5225454327003006,0.6993546889225885,0.6708266820070723,362
363,1.4821457839020769,-0.8072410347134831,0.20976381424082013,0.3548594189346374,363
364,2.098030719700694,-0.0012809714975579051,0.4994889664493932,0.5463615898172217,364
365,2.076949971767009,-0.028867684452698338,0.4884850594729817,0.5398067793997621,365
366,3.0098111650064165,1.191894218580365,0.8833486372988464,0.8298689862400963,366
367,0.9980974487689284,-1.4406769317574708,0.07483798745553889,0.20435028711133746,367
368,2.2119501007731595,0.1477963418671982,0.5587482517997727,0.5817834803570332,368
369,3.3685013901297665,1.6612838394524634,0.9516717729373216,0.9413994894117874,369
370,2.133924856394229,0.04569085553875375,0.5182216737890994,0.5575224490934028,370
371,1.2300468329203504,-1.1371430580621065,0.1277392431981854,0.27647221771559555,371
372,2.1933549966578934,0.1234623950256294,0.5491295245790534,0.5760015516250964,372
373,1.7898287217349016,-0.40460062964390736,0.34288554782382163,0.4505298065568206,373
374,2.027078314264858,-0.09413079107665996,0.4625026306121259,0.5242997745648564,374
375,2.4676705526899783,0.4824375379945788,0.6852524198875841,0.6612967446612585,375
376,1.0906612728109828,-1.3195459523486228,0.0934933290814438,0.23313191857998425,376
377,0.3880491470947217,-2.238999052016116,0.01257798891966142,0.014662948903662818,377
378,2.053760771212148,-0.05921356313682009,0.4763910033888829,0.5325963704594472,378
379,0.3408920349714979,-2.300709847099341,0.01070401856339575,0.0,379
380,0.6915194506709238,-1.8418713893021723,0.03274698225575423,0.10902346749287244,380
381,0.41723825740436205,-2.200801564428813,0.0138750374019407,0.023738959154147504,381
382,1.2757376648477023,-1.07735106827946,0.14066172777302888,0.2906792440527038,382
383,1.9487396257362024,-0.196646457054002,0.4220521064443529,0.4999412815325841,383
384,1.3695093519943569,-0.9546394536454988,0.16988002903364724,0.31983644633533714,384
385,1.6253736874008933,-0.6198099685379406,0.26769145246322085,0.39939444951696224,385
386,2.2062146747218034,0.14029084193655428,0.5557849000784687,0.5800001171410666,386
387,2.074619583591504,-0.031917279745709334,0.4872690092078252,0.539082172628808,387
388,2.0257825317228684,-0.0958264795385021,0.461829193250664,0.5238968662367595,388
389,3.2284925452662048,1.4780653015437493,0.9303048498009728,0.8978653872188704,389
390,2.2912715389570963,0.25159805484497394,0.5993241188607601,0.6064475478261546,390
391,2.9948667430758027,1.172337631718397,0.8794692356686922,0.8252221941593859,391
392,2.0922148434066297,-0.008891750318673517,0.4964527515939856,0.5445532115453068,392
393,1.7296469881311232,-0.4833557200843807,0.3144215914546783,0.4318170049234171,393
394,1.8232455592182981,-0.3608706487901447,0.3590980730199437,0.4609203788051949,394
395,1.6573296904918502,-0.5779916664911157,0.2816348727708322,0.4093307925072539,395
396,2.872607488297744,1.012346583095192,0.8443138154123623,0.7872071180638394,396
397,2.7730354204004843,0.8820444674362757,0.8111236195518498,0.7562463556661237,397
398,2.509500772177649,0.5371774486223698,0.7044274764605198,0.6743033590055381,398
399,1.543141342375314,-0.7274209558228782,0.23348406048192205,0.3738252698312404,399
400,3.082674020701861,1.2872440938070508,0.9009953886006552,0.8525248335117768,400
401,1.2483790694209078,-1.113153105345176,0.13282133956415726,0.2821724108570911,401
402,2.505811958639735,0.5323501891467769,0.7027582613657614,0.6731563658588791,402
403,1.6719676796392295,-0.5588360840554487,0.288136796782834,0.4138823029211982,403
404,0.7550089336069495,-1.758787708071499,0.039306786679547616,0.1287647748438892,404
405,1.3308759831746964,-1.0051958978224662,0.15740126504082164,0.30782385507447263,405
406,1.1997260889566828,-1.1768214254019789,0.11963339454782262,0.2670443393014433,406
407,2.286706889177246,0.24562465752465176,0.5970136000339261,0.6050282237099925,407
408,1.6123691496102095,-0.6368279819535188,0.2621184486547451,0.3953508415741713,408
409,1.542378522564159,-0.7284191979741066,0.2331785074019198,0.3735880799905131,409
410,0.9504212500815392,-1.5030670145058944,0.06641088188321137,0.18952593435098708,410
411,1.4249628695906835,-0.8820718067529392,0.18886898862784152,0.3370790648595293,411
412,2.996912047835485,1.1750141608191973,0.8800054747705826,0.8258581575980559,412
413,1.6441982355878848,-0.5951757663275461,0.27586299366111344,0.40524772118209584,413
414,2.880792763651399,1.0230580076779632,0.8468597900702659,0.7897522330818972,414
415,3.3465774517861075,1.6325937096793022,0.9487227624596424,0.9345824988619821,415
416,3.1054278386226977,1.317020221560689,0.906084076780034,0.8595998653471584,416
417,1.6676653701694963,-0.564466177293083,0.28621845612959906,0.41254455043632177,417
418,2.6307243550128194,0.6958131950193907,0.7567270876470186,0.7119964051018801,418
419,3.4625163847719818,1.7843138514251238,0.9628136596379016,0.9706323452960656,419
420,2.2562981339970403,0.205831116843912,0.5815385830643871,0.5955729792440835,420
421,2.146695375322395,0.062402626917442326,0.5248788984692446,0.5614932916256523,421
422,2.7352765397052785,0.8326323969289671,0.797473959033907,0.7445056761935009,422
423,2.924675359487158,1.0804837014368245,0.8600365795986529,0.8033970096920183,423
424,1.7116819920350026,-0.5068650942348106,0.3061247394422124,0.42623100086270216,424
425,1.9791280579455133,-0.1568795114431465,0.43766990370126096,0.5093902068099253,425
426,1.5471778768702502,-0.722138661342833,0.235104615336428,0.37508038271628014,426
427,1.0450166473178906,-1.3792774754133608,0.08390460929955308,0.2189392595896889,427
428,2.206053692015848,0.14008017656007407,0.5557016785177393,0.5799500614636615,428
429,1.1318285271568007,-1.265673611938221,0.10281497975497288,0.2459323917175143,429
430,2.625224774317419,0.6886163273136096,0.7544676282146097,0.7102863752230887,430
431,1.4253525342892783,-0.8815618832804564,0.1890068876440683,0.3372002265106101,431
432,0.889774736782732,-1.5824303254931182,0.056775683185762274,0.17066861494257954,432
433,2.824097720481287,0.9488656741405928,0.8286555326641445,0.7721235767951841,433
434,2.8497234585003786,0.9824000573237776,0.8370486009474998,0.7800915983782433,434
435,2.071970253862522,-0.03538424870652923,0.485886672279196,0.5382583947362279,435
436,2.451391156566544,0.4611339756469352,0.6776487563864932,0.6562348580699707,436
437,1.4944234091818576,-0.7911742743959862,0.2144211506781163,0.35867700198903063,437
438,1.246409812011139,-1.1157301172742105,0.13226883741629109,0.28156009344668337,438
439,2.009911026826305,-0.11659626679296548,0.4535899981073532,0.5189618086209659,439
440,1.048404170748634,-1.3748444905493178,0.08458983080089766,0.2199925701241669,440
441,3.1094323431081965,1.322260600892416,0.9069593062242636,0.8608450188778055,441
442,1.8792642468196508,-0.2875634084662438,0.3868404790125849,0.478338730289538,442
443,0.5458096954039505,-2.032550259234049,0.021048990588162904,0.06371673431841557,443
444,0.8293283076008237,-1.6615318021698546,0.04830334363816671,0.1518735093350268,444
445,2.6861532562545287,0.7683486284292521,0.7788599542051609,0.7292313694603759,445
446,0.4873712353294595,-2.1090240650348107,0.017471252235268457,0.045545983067958734,446
447,2.4215595129318106,0.4220956553501287,0.6635224004931968,0.6469590596456445,447
448,0.7636404972376105,-1.7474922612030044,0.04027599306599466,0.1314486579481891,448
449,2.98700004149274,1.162043099514967,0.8773910207933922,0.8227761359051949,449
450,0.6012754565852372,-1.9599665901270549,0.024999847716674687,0.0809631598412254,450
451,1.1436548818081045,-1.2501973939170432,0.10561372429631694,0.24960965748212546,451
452,3.1510051436161466,1.3766636475946434,0.9156918685784028,0.8737715918205544,452
453,0.6287622650127693,-1.923996770814732,0.027177494116978246,0.08950985936015515,453
454,2.6985210870331255,0.7845334335718499,0.7836364139971641,0.7330770008527702,454
455,1.9617975785763664,-0.17955854357405618,0.4287495765240832,0.5040014982562342,455
456,1.1766881258285244,-1.2069693915883253,0.11372196595913432,0.2598809558586668,456
457,1.6407736570604423,-0.5996572422754624,0.27436734479974273,0.4041828888014942,457
458,3.0547555078615725,1.2507093369624518,0.8944797286482356,0.8438439005875189,458
459,2.4578692060257104,0.4696112882879006,0.6806836208681288,0.6582491312927871,459
460,1.6713726150483617,-0.559614798174591,0.2878711044763924,0.4136972745914848,460
461,1.9393125759472467,-0.2089828939470306,0.41723079621717,0.4970100513714464,461
462,2.3139278698384236,0.2812466089952356,0.6107393710368982,0.6134922672141719,462
463,2.740084934578836,0.8389247642381857,0.7992442349375994,0.7460007899773005,463
464,1.7581119018983682,-0.44610593142128224,0.3277603642335537,0.44066783478394056,464
465,1.4861892885368295,-0.8019496189609396,0.2112910510164555,0.3561166991026038,465
466,3.116045375433837,1.3309145549695869,0.9083914362608584,0.8629012634339982,466
467,3.060799116715057,1.2586181314311626,0.8959158526002422,0.8457230896180261,467
468,1.5524844897538277,-0.7151943154000886,0.2372444905791761,0.3767304115255103,468
469,2.800883998105389,0.918487705682417,0.8208182037377203,0.7649055430832771,469
470,2.4535521498641097,0.4639618972171508,0.6786624775923693,0.6569067934976656,470
471,1.9616832060676173,-0.17970821385988925,0.42869082235164,0.5039659354709775,471
472,2.7781251281994344,0.8887049667941189,0.812919169464188,0.7578289403925922,472
473,2.5886120623028117,0.6407041574022996,0.7391425437184445,0.6989020834095463,473
474,3.4245877616930014,1.7346796524415269,0.9586012188501726,0.9588388864273344,474
475,3.4837150655421243,1.8120548937862968,0.9650111424970088,0.977223825540772,475
