position,A,C,D,E,F,G,H,I,K,L,M,N,P,Q,R,S,T,V,W,Y,-,pdb_num
1,3,0,3,3,8,0,0,23,12,117,325,1,1,1,0,4,12,30,0,1,384,1
2,44,1,26,37,13,1,3,98,2,31,171,34,2,3,0,3,84,51,0,1,323,2
3,12,0,12,90,1,5,41,2,112,3,7,150,13,10,44,3,157,3,0,13,250,3
4,30,0,5,13,2,3,34,22,27,12,4,61,13,270,96,3,132,57,0,4,140,4
5,10,0,12,42,91,0,26,4,19,5,4,7,1,6,130,4,5,4,1,420,137,5
6,40,2,38,73,2,32,6,3,336,10,2,25,19,126,17,9,24,22,1,10,131,6
7,17,3,1,0,132,5,4,10,1,40,38,328,2,0,4,21,15,3,1,177,126,7
8,10,0,0,0,41,2,2,4,1,422,1,0,0,0,36,1,0,1,30,252,125,8
9,28,5,0,0,3,0,0,188,0,169,11,0,2,1,1,16,3,368,5,4,124,9
10,51,3,160,9,0,66,3,2,1,0,0,489,2,6,1,4,5,2,0,1,123,10
11,4,0,1,1,0,787,0,0,0,0,0,5,0,1,0,3,0,0,0,0,126,11
12,7,0,23,424,4,1,4,1,150,1,1,30,1,73,40,21,10,6,0,3,128,12
13,1,1,1,5,23,7,0,9,0,155,13,2,7,18,5,1,0,2,511,2,165,13
14,5,2,0,1,10,4,0,32,257,8,2,5,1,4,114,4,4,101,0,13,361,14
15,39,1,23,138,3,32,3,15,76,83,4,14,1,23,76,134,29,41,0,0,193,15
16,26,0,4,21,0,4,8,6,14,12,9,28,14,13,23,475,75,14,0,0,182,16
17,28,0,25,247,16,38,4,2,63,4,5,26,5,2,12,134,27,9,164,2,115,17
18,30,0,77,60,0,7,4,1,80,0,15,161,14,65,21,234,55,1,0,0,103,18
19,17,0,80,247,0,330,1,2,31,1,1,34,0,10,17,37,13,3,1,0,103,19
20,86,1,5,6,32,0,7,481,19,52,8,6,0,18,4,7,30,66,1,2,97,20
21,79,0,105,218,0,2,2,10,83,3,1,22,44,52,7,10,191,2,0,0,97,21
22,5,3,0,2,1,0,0,511,0,14,0,0,0,0,0,3,18,276,0,0,95,22
23,2,4,5,4,39,0,44,51,44,40,3,15,90,13,95,38,37,29,1,279,95,23
24,99,5,17,13,1,1,5,0,0,0,0,90,0,9,0,561,9,0,0,23,95,24
25,12,1,0,0,0,0,2,0,9,3,0,0,776,0,0,4,23,0,0,0,98,25
26,115,2,4,3,17,1,4,283,0,35,0,0,0,2,1,13,32,123,26,173,94,26
27,1,0,232,7,0,7,2,0,8,95,1,257,1,2,2,24,163,0,0,0,126,27
28,1,0,25,12,11,226,97,0,9,14,3,82,30,236,71,11,2,0,0,0,98,28
29,26,1,10,401,1,6,1,3,68,6,2,5,0,11,31,106,43,106,0,1,100,29
30,10,5,0,182,8,1,9,117,72,151,2,0,11,2,15,14,54,173,1,2,99,30
31,13,0,0,1,9,4,6,210,1,419,0,1,0,24,1,1,1,127,1,10,99,31
32,64,0,5,0,7,711,3,1,0,3,0,0,0,0,0,3,3,4,0,26,98,32
33,6,3,2,38,2,2,8,3,77,4,1,3,0,100,55,244,259,13,1,9,98,33
34,14,3,0,0,16,0,0,67,0,15,2,0,1,0,8,1,82,593,0,28,98,34
35,25,1,3,9,2,3,3,2,5,1,0,0,548,174,1,35,4,11,0,3,98,35
36,471,3,14,8,8,1,5,6,24,111,14,17,2,6,12,59,10,53,0,4,100,36
37,58,39,3,1,1,31,8,113,1,143,374,1,34,0,1,5,11,7,0,1,96,37
38,6,1,116,4,1,64,3,1,7,0,0,17,4,12,4,248,343,0,0,1,96,38
39,124,2,23,78,0,4,14,2,111,14,2,7,21,252,117,19,22,6,7,5,98,39
40,178,1,124,238,0,97,14,1,43,1,0,5,9,23,0,15,76,5,0,0,98,40
41,22,0,89,540,1,2,29,3,1,5,4,3,0,48,5,3,80,1,0,0,92,41
42,238,2,0,0,0,8,0,45,0,8,4,0,0,1,0,23,7,501,0,0,91,42
43,14,0,475,53,4,1,6,2,13,115,27,57,2,14,40,5,3,1,0,3,93,43
44,66,0,27,345,18,5,6,7,83,22,2,14,4,48,39,13,77,4,1,56,91,44
45,591,2,3,4,1,1,0,23,3,6,10,0,3,1,2,8,10,167,1,2,90,45
46,1,0,0,0,62,0,0,208,0,198,202,0,0,0,0,0,1,80,0,93,83,46
47,268,0,168,119,0,3,11,10,102,6,3,19,1,84,9,29,3,6,0,4,83,47
48,385,0,5,4,3,9,3,40,11,16,4,37,0,5,16,239,43,19,0,5,84,48
49,753,10,0,1,0,9,1,8,0,10,1,0,0,0,0,24,21,6,0,0,84,49
50,37,8,3,26,1,1,30,5,318,10,4,9,0,18,207,6,9,136,0,14,86,50
51,276,0,13,173,0,6,7,6,133,1,4,32,0,29,96,29,24,12,0,1,86,51
52,671,0,0,1,5,38,1,1,3,11,1,1,1,0,3,34,2,35,0,33,87,52
53,13,2,0,9,41,1,14,10,30,244,5,4,0,331,110,3,17,2,0,7,85,53
54,21,0,20,19,1,168,2,3,243,5,0,8,246,16,14,47,4,4,14,1,92,54
55,292,0,40,109,1,11,5,8,48,81,5,5,7,15,11,128,20,18,0,4,120,55
56,16,1,0,0,32,1,0,16,3,4,11,2,0,2,1,5,3,2,701,0,128,56
57,215,0,1,15,0,18,0,0,16,1,0,28,160,5,307,30,3,1,0,0,128,57
58,245,2,80,140,1,7,0,3,74,9,9,39,5,8,29,30,152,0,6,0,89,58
59,96,1,0,1,1,0,1,26,5,381,174,0,1,1,7,3,104,34,0,3,89,59
60,62,0,23,4,0,2,2,0,31,1,0,2,186,1,89,371,65,0,0,0,89,60
61,158,0,0,8,1,20,1,37,1,187,8,1,62,0,43,6,8,192,0,105,90,61
62,128,1,7,53,32,4,52,46,23,3,0,48,0,101,8,23,3,202,41,63,90,62
63,5,1,147,492,0,12,0,1,89,8,2,4,0,25,16,2,4,29,0,1,90,63
64,0,0,0,0,0,0,0,4,17,0,0,0,0,0,817,0,0,1,0,0,89,64
65,525,8,0,5,2,8,0,191,2,15,5,1,0,10,1,33,9,15,0,8,90,65
66,305,2,28,127,2,8,13,3,139,3,0,16,0,119,28,13,25,7,0,0,90,66
67,34,57,0,0,10,1,93,183,1,66,0,0,0,0,5,1,1,32,3,352,89,67
68,0,6,0,0,24,0,0,9,1,624,64,0,0,0,0,1,0,109,0,4,86,68
69,9,0,40,155,9,3,319,0,13,28,7,12,0,58,31,5,3,0,1,149,86,69
70,71,0,19,7,0,7,28,2,555,7,0,25,0,9,66,14,32,0,0,0,86,70
71,281,2,0,0,167,4,0,11,0,21,4,0,0,0,0,3,147,73,127,1,87,71
72,576,1,0,0,2,12,3,26,11,91,1,1,0,0,7,41,16,51,0,2,87,72
73,150,1,377,48,3,48,5,3,47,6,0,39,0,31,44,12,8,6,0,13,87,73
74,18,0,0,113,2,4,3,363,31,135,1,2,2,21,132,3,5,3,0,3,87,74
75,0,0,0,1,11,0,0,55,0,573,175,0,0,0,0,0,0,30,0,0,83,75
76,26,1,32,260,0,24,0,36,59,37,11,3,0,18,118,4,9,200,0,6,84,76
77,49,0,22,291,0,6,2,6,40,3,1,101,0,37,259,10,17,1,0,0,83,77
78,6,1,250,21,4,0,68,0,54,0,105,74,0,120,117,5,4,5,0,11,83,78
79,147,0,0,1,5,3,10,28,253,6,2,3,1,126,193,18,42,7,0,0,83,79
80,43,0,272,460,0,2,3,0,4,1,0,2,7,13,10,10,17,2,0,0,82,80
81,118,0,43,339,1,1,2,12,209,30,0,3,35,10,10,5,6,11,3,8,82,81
82,15,0,0,0,42,0,0,519,0,117,11,4,0,0,0,0,0,133,4,2,81,82
83,318,1,0,2,0,270,0,29,0,0,0,1,0,3,1,39,10,172,0,1,81,83
84,87,0,127,128,1,2,6,4,160,10,3,48,4,67,44,14,139,2,0,1,81,84
85,11,34,0,10,4,0,0,384,0,249,10,0,0,2,1,8,23,100,17,4,71,85
86,4,5,1,6,1,0,2,246,0,512,69,0,0,0,0,4,1,9,0,0,68,86
87,198,6,0,0,0,1,0,31,2,5,306,5,0,11,1,144,62,88,0,0,68,87
88,43,0,3,6,1,2,3,11,413,62,25,17,0,21,46,23,3,5,169,7,68,88
89,2,1,11,805,0,4,1,2,3,0,3,12,1,8,0,6,1,0,0,0,68,89
90,36,1,0,0,0,26,2,317,0,26,9,35,1,9,0,29,20,349,0,0,68,90
91,341,1,0,1,0,464,0,1,0,0,0,1,0,1,5,45,0,0,0,0,68,91
92,2,1,1,0,3,2,3,24,790,17,0,0,2,0,11,0,2,2,0,0,68,92
93,6,27,81,0,6,356,0,2,1,4,0,103,137,0,0,72,64,1,0,1,67,93
94,37,0,0,1,11,0,61,235,52,210,4,1,4,2,53,1,1,17,8,154,76,94
95,58,0,6,11,1,7,0,4,619,4,2,17,15,31,35,25,14,8,0,0,71,95
96,227,1,384,28,2,0,19,1,0,1,0,7,0,13,0,126,6,2,29,11,71,96
97,554,28,0,0,0,7,0,2,0,0,1,0,0,0,1,246,13,5,0,0,71,97
98,11,4,3,116,9,3,3,212,121,48,7,5,2,37,109,2,18,141,0,3,74,98
99,26,0,3,4,3,276,1,4,274,0,1,5,0,2,1,144,48,26,0,38,72,99
100,3,0,7,839,0,0,1,0,4,0,0,0,0,0,1,3,0,0,0,0,70,100
101,9,3,0,0,166,1,0,60,0,12,2,0,0,0,0,0,20,584,0,0,71,101
102,17,0,200,38,1,56,6,72,38,11,5,19,4,1,16,29,27,314,0,0,74,102
103,23,0,1,12,0,0,1,0,4,2,0,0,0,2,803,1,0,1,0,4,74,103
104,88,10,0,1,2,5,0,1,1,2,0,3,0,0,10,107,606,17,0,1,74,104
105,488,92,0,2,4,40,0,87,0,3,0,0,0,14,2,6,4,106,0,6,74,105
106,7,0,500,204,0,4,19,2,2,4,0,11,1,22,6,48,15,1,0,0,82,106
107,0,2,0,0,140,19,6,108,1,229,0,0,0,2,23,2,29,70,0,215,82,107
108,2,0,0,2,56,0,0,619,0,80,17,0,1,0,0,0,0,46,1,14,90,108
109,3,0,18,14,1,4,27,8,46,7,1,89,6,21,415,42,36,76,0,24,90,109
110,20,0,121,13,190,5,4,15,3,41,10,7,2,37,10,2,0,1,9,361,77,110
111,357,31,0,0,3,7,0,8,2,0,0,5,0,0,1,38,388,4,0,8,76,111
112,475,0,9,4,12,7,1,273,2,6,6,3,0,1,0,12,7,34,0,0,76,112
113,18,0,121,506,6,22,12,14,7,19,3,80,1,20,3,6,1,4,0,10,75,113
114,168,1,30,552,2,0,3,1,1,8,5,2,0,5,2,8,40,22,3,0,75,114
115,252,6,3,1,4,332,0,10,0,163,2,0,4,0,0,10,4,29,0,33,75,115
116,2,1,5,8,2,9,0,61,266,330,6,7,1,5,72,9,7,61,0,1,75,116
117,13,0,48,98,1,1,112,2,46,6,3,80,0,20,386,23,8,3,0,1,77,117
118,5,1,39,5,27,0,2,229,0,271,214,4,3,2,1,3,9,34,1,1,77,118
119,22,0,57,121,10,33,129,3,36,39,3,12,0,7,10,35,133,11,0,32,235,119
120,6,0,8,0,0,638,3,0,3,1,0,8,2,2,0,6,18,0,0,0,233,120
121,7,0,26,364,0,4,1,6,42,12,1,1,0,167,9,25,6,4,0,0,253,121
122,171,0,0,30,37,1,0,40,3,16,5,2,3,3,2,165,37,140,1,20,252,122
123,0,0,2,0,38,0,1,119,2,181,254,0,1,28,3,0,1,35,0,11,252,123
124,6,0,14,267,1,7,0,3,2,3,92,8,118,8,35,67,4,34,4,3,252,124
125,6,38,0,8,14,467,0,2,1,41,26,1,1,0,0,59,1,7,0,3,253,125
126,12,0,343,18,0,271,4,1,4,1,0,2,1,6,0,10,1,1,0,0,253,126
127,38,0,33,2,2,151,2,2,15,1,2,49,1,2,1,253,50,1,0,9,314,127
128,0,0,157,1,471,3,1,0,1,39,2,5,0,0,0,1,4,7,20,39,177,128
129,3,0,41,231,1,5,0,1,3,1,0,19,218,2,140,16,41,3,0,1,202,129
130,280,0,21,22,0,223,17,2,8,10,0,8,85,13,87,14,6,5,0,4,123,130
131,225,0,11,8,38,214,25,1,2,1,2,80,3,6,1,164,29,3,0,4,111,131
132,51,2,7,36,2,92,5,4,39,3,1,24,3,2,1,436,119,2,0,1,98,132
133,21,0,3,27,0,5,5,4,449,15,5,18,1,13,234,4,15,12,0,0,97,133
134,16,0,93,23,0,158,7,1,130,0,1,220,1,2,8,140,32,0,0,0,96,134
135,2,0,2,0,2,0,10,25,510,4,0,1,0,1,108,6,130,30,2,0,95,135
136,5,0,0,20,12,1,3,214,35,380,23,6,0,8,20,2,4,43,2,53,97,136
137,489,38,0,0,0,162,0,27,0,3,1,0,0,0,0,90,1,20,0,0,97,137
138,0,1,0,1,54,1,23,212,1,107,15,1,0,137,2,1,19,214,6,48,85,138
139,6,0,0,1,16,0,1,272,0,3,1,0,0,0,0,10,141,375,0,17,85,139
140,0,1,0,19,5,1,7,27,36,10,18,17,0,114,471,59,42,12,0,6,83,140
141,0,0,0,2,2,0,21,0,54,6,0,1,0,0,756,0,0,0,0,4,82,141
142,130,0,8,406,28,23,2,39,4,3,0,0,0,15,2,16,20,150,0,1,81,142
143,22,0,0,0,0,0,0,0,0,1,0,0,813,0,0,10,0,2,0,3,77,143
144,1,0,0,0,1,0,8,43,24,396,36,0,0,0,27,1,0,305,0,8,78,144
145,1,0,4,1,0,811,2,0,8,10,0,5,0,0,16,1,0,1,0,0,68,145
146,34,0,0,0,0,0,0,104,1,106,0,3,13,1,0,0,33,552,0,0,81,146
147,86,3,0,0,0,12,0,82,0,1,3,0,0,0,1,4,9,650,0,0,77,147
148,26,9,0,0,6,20,0,1,0,724,1,1,0,0,0,34,8,34,0,0,64,148
149,623,156,1,0,1,28,1,11,0,1,0,2,0,4,0,23,3,9,0,1,64,149
150,3,0,0,0,2,0,0,667,0,30,138,0,0,0,0,3,0,22,0,0,63,150
151,304,2,0,0,0,170,0,7,0,5,0,0,48,1,0,237,85,7,0,0,62,151
152,21,1,0,0,0,0,0,0,0,1,0,0,836,0,0,5,3,0,0,0,61,152
153,0,0,1,0,663,1,0,3,0,5,0,0,0,0,0,3,3,0,28,160,61,153
154,0,0,4,0,0,1,1,0,2,0,0,856,0,0,0,0,0,0,0,0,64,154
155,7,0,9,0,57,0,58,0,2,0,3,0,0,0,0,2,0,1,2,721,66,155
156,1,0,0,0,0,0,0,0,0,0,0,0,861,0,0,1,0,0,0,0,65,156
157,2,0,0,0,10,1,0,81,0,284,20,2,0,3,0,4,1,443,0,6,71,157
158,7,0,1,2,21,0,1,0,0,13,5,796,0,1,0,3,2,2,0,2,72,158
159,1,0,16,163,0,0,0,7,0,599,34,1,0,16,0,4,15,2,0,0,70,159
160,213,16,0,0,5,0,0,21,0,10,5,0,9,0,0,350,160,68,1,0,70,160
161,335,8,0,0,160,191,0,28,0,2,19,1,0,0,0,25,2,84,0,2,71,161
162,153,1,0,1,0,2,121,1,0,1,2,22,0,3,5,405,132,5,4,0,70,162
163,7,0,3,0,0,1,0,0,654,23,1,0,1,26,0,2,141,3,0,0,66,163
164,3,0,0,0,7,0,0,480,0,282,5,0,0,0,0,0,4,82,0,0,65,164
165,579,2,0,0,11,44,1,185,0,8,0,0,0,0,0,0,7,26,0,0,65,165
166,6,0,0,0,1,1,1,0,0,1,0,0,825,5,0,1,2,2,0,18,65,166
167,789,10,0,3,0,11,0,1,0,0,0,1,2,2,0,38,5,1,0,0,65,167
168,2,0,0,0,10,0,0,140,0,676,12,0,0,0,0,0,6,17,0,0,65,168
169,139,1,0,1,4,1,0,583,0,34,46,0,0,0,0,0,1,52,0,0,66,169
170,348,3,0,0,0,77,0,3,0,0,268,0,1,1,0,54,65,40,0,4,64,170
171,1,0,1,0,0,821,0,0,1,1,0,40,0,0,0,0,0,0,0,0,63,171
172,24,27,20,1,0,0,0,0,0,0,0,787,0,0,1,2,2,2,0,0,62,172
173,166,22,0,0,0,3,0,2,3,0,2,0,49,1,22,107,219,274,0,0,58,173
174,2,1,0,0,7,0,0,99,1,38,22,0,0,0,0,0,9,690,0,1,58,174
175,104,0,0,0,2,0,0,223,0,47,162,0,0,0,1,0,1,333,0,0,55,175
176,4,20,0,0,490,0,4,26,0,265,5,0,0,3,0,0,1,39,2,11,58,176
177,1,0,0,1,0,0,2,0,857,0,1,3,0,0,1,0,0,1,0,0,61,177
178,4,1,0,0,0,0,8,1,0,11,0,0,824,3,0,7,7,1,0,0,61,178
179,411,0,2,1,0,1,1,3,0,0,0,0,374,0,0,51,23,0,0,0,61,179
180,8,0,5,52,1,6,1,7,143,7,3,4,33,15,6,46,528,2,0,0,61,180
181,43,0,13,6,41,6,46,3,24,105,2,10,0,537,1,10,2,7,0,13,59,181
182,11,1,10,0,0,687,0,0,1,2,0,0,0,0,0,1,131,12,0,0,72,182
183,177,1,0,0,0,6,0,2,2,3,0,1,155,0,0,349,23,137,0,0,72,183
184,4,0,0,2,3,0,0,428,0,360,8,0,0,0,0,0,3,46,0,3,71,184
185,50,41,0,0,2,1,0,18,0,150,0,1,17,0,0,537,35,9,1,0,66,185
186,155,28,1,3,23,455,28,103,1,10,3,1,0,2,0,22,13,8,1,5,66,186
187,29,0,1,26,4,3,5,135,3,467,5,2,0,3,91,12,14,17,4,41,66,187
188,21,3,1,7,23,0,61,24,134,304,22,1,164,2,31,2,10,6,0,50,62,188
189,2,0,0,0,28,0,0,21,0,635,158,1,0,0,1,0,1,19,0,1,61,189
190,403,10,0,0,1,45,0,25,3,168,3,0,0,0,0,8,3,196,0,1,62,190
191,11,0,49,461,1,4,32,1,201,2,1,9,3,38,36,9,2,4,0,1,63,191
192,551,38,0,0,4,1,1,85,1,87,12,0,1,0,1,6,9,67,0,2,62,192
193,26,0,0,0,578,0,0,16,0,221,17,0,1,0,0,1,0,3,1,2,62,193
194,168,0,65,119,0,0,158,4,8,7,1,18,0,26,18,2,4,35,0,58,237,194
195,19,1,57,402,0,2,2,3,159,42,3,3,2,39,131,3,1,0,0,0,59,195
196,622,3,117,21,3,0,4,3,3,4,1,6,1,4,0,25,42,10,0,5,54,196
197,28,9,24,7,0,646,0,0,1,5,1,17,3,1,0,129,0,3,0,0,54,197
198,3,1,0,0,227,0,1,222,1,344,3,0,0,1,0,1,0,69,0,4,51,198
199,2,0,3,4,0,0,0,0,0,1,0,1,852,0,0,0,6,0,0,5,54,199
200,393,0,33,28,0,13,4,3,229,2,1,20,78,5,11,17,23,12,0,1,55,200
201,1,0,19,38,1,774,3,0,6,1,0,6,5,8,0,7,0,2,2,0,55,201
202,36,3,1,0,2,2,1,26,1,148,40,0,0,1,0,32,16,538,18,4,59,202
203,3,7,0,3,300,0,2,173,0,175,4,0,0,1,0,2,0,178,27,0,53,203
204,14,0,3,1,0,5,1,0,0,1,0,683,0,63,13,82,9,1,0,0,52,204
205,4,38,0,0,6,3,0,66,0,39,7,4,2,1,0,20,370,306,0,10,52,205
206,111,1,0,0,4,0,0,461,0,97,2,0,0,0,0,0,1,196,0,3,52,206
207,3,0,2,2,17,0,8,7,0,12,2,4,24,1,0,13,617,8,0,151,57,207
208,18,6,4,1,0,768,0,12,0,20,2,4,1,0,1,0,4,30,0,0,57,208
209,15,0,23,10,3,6,2,0,96,7,4,14,56,3,501,97,7,0,16,5,63,209
210,7,0,5,2,0,742,8,1,0,0,0,39,45,0,4,14,2,1,0,1,57,210
211,33,0,37,11,2,14,2,0,23,2,3,13,2,11,159,538,6,1,1,0,70,211
212,12,5,59,451,1,1,0,2,26,13,1,7,3,4,24,2,29,233,0,1,54,212
213,10,0,1,4,3,0,0,595,0,19,36,10,0,0,0,5,111,79,1,1,53,213
214,62,1,7,10,0,604,0,19,1,0,1,5,27,1,1,9,6,120,0,0,54,214
215,25,0,577,28,0,12,0,1,22,3,1,13,40,3,5,100,17,0,0,0,81,215
216,138,2,10,46,50,3,17,5,14,17,1,1,54,7,5,10,4,11,2,464,67,216
217,10,12,0,0,4,0,0,370,0,402,32,0,0,0,0,4,0,45,0,0,49,217
218,24,2,1,1,0,0,0,221,0,30,150,1,0,4,2,6,69,367,0,0,50,218
219,127,1,6,406,0,9,4,1,26,1,37,8,7,39,13,41,151,1,0,0,50,219
220,3,0,85,3,0,0,526,2,4,0,0,63,3,0,1,158,18,2,0,2,58,220
221,6,0,41,219,1,166,0,1,234,4,0,2,150,19,15,6,1,2,0,0,61,221
222,121,1,31,184,1,189,12,0,156,27,8,24,2,11,92,2,4,2,1,6,54,222
223,15,0,0,0,8,0,0,363,2,33,0,0,0,0,0,0,4,449,0,1,53,223
224,30,0,262,8,0,16,3,0,16,0,0,471,27,3,19,17,2,0,1,0,53,224
225,24,44,0,0,341,3,4,79,12,36,142,0,0,0,1,4,1,136,0,46,55,225
226,0,0,0,0,112,0,1,510,0,90,0,0,0,0,0,0,2,150,0,7,56,226
227,169,3,0,0,2,2,3,2,0,1,0,352,1,0,0,256,75,4,0,1,57,227
228,0,0,0,0,796,0,0,4,0,65,6,0,0,0,0,0,2,0,0,0,55,228
229,0,0,0,0,0,0,0,186,0,0,0,0,1,0,0,1,682,3,0,0,55,229
230,1,0,2,0,0,867,4,0,0,0,0,0,0,0,0,0,1,0,0,0,53,230
231,2,0,0,1,0,207,2,0,0,0,0,25,0,0,0,542,96,0,0,0,53,231
232,29,0,7,6,3,16,21,2,1,2,1,70,15,0,6,104,483,62,1,8,91,232
233,45,0,49,116,0,16,1,3,166,1,1,106,302,2,19,24,19,3,0,1,54,233
234,91,0,0,1,0,22,0,240,0,1,0,5,0,0,0,22,201,291,0,0,54,234
235,165,0,2,3,0,695,3,0,0,0,0,0,0,0,0,5,0,1,0,0,54,235
236,17,0,33,266,6,2,3,61,194,11,3,32,0,49,45,86,10,10,22,23,55,236
237,98,0,90,19,1,45,195,9,36,13,17,30,1,10,244,44,5,1,0,14,56,237
238,0,0,0,0,0,0,0,504,0,317,5,0,0,0,0,0,0,46,0,0,56,238
239,188,2,0,9,1,268,0,8,151,31,33,1,1,31,18,117,1,12,0,0,56,239
240,19,0,42,58,3,6,15,1,427,3,1,13,2,41,187,54,2,0,0,0,54,240
241,30,0,3,4,4,6,1,77,203,386,21,7,0,59,17,37,12,9,0,0,52,241
242,509,2,1,7,0,24,0,1,22,7,6,3,105,5,2,81,50,51,0,0,52,242
243,60,1,5,8,0,395,116,1,12,2,0,59,50,2,8,112,18,26,0,1,52,243
244,4,0,1,0,13,29,7,34,5,38,492,4,0,0,189,0,13,11,0,39,49,244
245,0,0,0,1,0,1,0,159,152,167,1,0,0,0,304,2,27,63,0,0,51,245
246,5,0,13,1,0,4,27,0,26,0,1,5,532,16,246,2,0,0,0,0,50,246
247,133,47,0,0,4,0,2,282,5,255,19,0,0,19,0,8,20,63,0,17,54,247
248,136,1,0,0,2,10,9,62,0,79,276,0,0,44,0,8,44,204,0,0,53,248
249,3,0,0,0,4,1,0,0,0,712,147,0,0,0,1,3,3,1,0,1,52,249
250,1,0,5,704,0,149,0,0,0,0,0,1,0,1,1,12,0,2,0,0,52,250
251,1,1,0,0,4,0,18,0,0,842,6,0,0,1,0,0,1,0,0,0,54,251
252,0,0,126,36,0,699,0,0,0,0,0,2,0,0,0,9,1,0,0,0,55,252
253,167,0,0,0,0,682,0,0,0,0,0,2,0,1,0,21,0,0,0,0,55,253
254,7,5,3,0,0,16,4,2,708,4,0,103,0,0,0,4,0,16,0,0,56,254
255,39,2,599,1,0,29,0,0,0,0,0,175,0,0,0,27,0,0,0,0,56,255
256,400,0,0,1,0,4,0,0,1,0,1,0,367,0,0,87,4,5,0,2,56,256
257,513,38,0,0,3,203,0,10,0,46,0,9,0,0,0,3,12,33,1,1,56,257
258,0,0,0,0,2,2,0,690,0,85,0,0,0,0,0,0,0,85,0,8,56,258
259,2,0,0,0,8,0,0,87,0,1,1,0,0,0,0,0,0,774,0,0,55,259
260,8,28,18,7,8,0,5,2,0,628,37,0,0,0,100,0,24,5,3,0,55,260
261,33,1,53,522,0,16,1,0,39,0,0,35,151,2,6,13,0,0,0,0,56,261
262,0,1,739,61,2,10,3,0,1,0,0,19,0,21,0,6,1,0,0,8,56,262
263,704,5,10,0,3,2,0,0,0,10,0,0,0,1,0,12,6,102,8,18,47,263
264,3,0,826,6,0,0,0,0,1,1,0,35,1,4,0,0,0,1,0,0,50,264
265,0,0,0,10,7,0,1,52,2,775,9,0,7,0,0,0,0,13,2,1,49,265
266,55,0,381,263,0,3,1,0,18,0,0,16,1,105,5,13,7,8,0,0,52,266
267,16,1,106,23,19,6,131,6,56,266,5,133,1,9,31,11,9,21,25,2,51,267
268,670,1,0,0,8,0,0,8,0,6,4,0,0,3,0,7,118,38,0,12,53,268
269,584,1,0,0,1,3,0,34,0,7,4,0,0,0,0,19,10,211,0,0,54,269
270,47,0,36,47,3,11,1,1,348,0,0,180,20,23,11,108,37,1,0,0,54,270
271,19,0,3,217,1,13,106,20,17,29,1,203,1,165,45,21,8,3,2,0,54,271
272,139,85,0,0,0,0,0,588,0,24,1,1,0,0,0,4,10,21,0,0,55,272
273,57,1,0,0,1,2,0,99,2,46,9,0,0,0,1,3,1,648,0,0,58,273
274,262,0,11,5,7,79,0,3,75,45,3,6,1,10,15,209,133,6,4,0,54,274
275,16,0,0,0,29,810,0,0,3,0,1,0,0,3,0,11,0,0,0,2,53,275
276,597,4,0,0,0,81,0,19,4,5,2,0,1,0,7,138,15,1,0,0,54,276
277,1,0,0,0,444,0,0,4,0,176,13,27,0,1,0,5,33,1,2,167,54,277
278,11,0,24,6,13,108,3,0,26,5,1,0,0,2,11,602,4,2,4,47,59,278
279,9,1,0,0,167,1,22,0,2,2,0,77,0,28,2,1,2,2,0,554,58,279
280,57,2,0,1,0,26,0,0,2,0,0,169,0,9,0,599,3,1,0,0,59,280
281,3,0,0,0,0,861,0,0,2,0,0,0,0,0,0,3,0,0,0,0,59,281
282,4,0,1,4,0,0,1,0,1,0,0,0,0,855,1,0,0,0,0,3,58,282
283,0,3,1,0,1,1,0,7,1,2,0,17,0,2,757,34,7,39,0,0,56,283
284,1,871,0,0,0,0,0,0,0,0,0,0,0,0,0,0,0,0,0,0,56,284
285,1,10,23,0,0,0,0,64,0,2,5,3,0,0,1,6,734,21,0,0,58,285
286,762,4,0,0,0,20,1,0,0,0,0,0,0,0,0,84,0,0,0,0,57,286
287,8,2,0,0,0,6,0,386,0,168,0,0,5,2,0,4,9,279,0,2,57,287
288,0,0,2,12,0,0,0,0,749,0,0,3,1,82,8,12,0,2,0,0,57,288
289,1,0,0,0,5,2,2,124,6,37,21,0,0,0,627,0,0,44,0,1,58,289
290,2,0,0,0,8,0,0,177,0,137,10,0,0,0,0,0,0,535,0,1,58,290
291,0,1,0,0,158,0,2,138,0,480,11,0,0,1,0,0,0,11,0,67,59,291
292,51,7,0,1,0,0,0,15,0,1,1,0,0,0,0,2,12,780,0,0,58,292
293,7,0,34,33,2,0,300,12,3,90,197,7,10,68,2,9,18,80,0,2,54,293
294,39,0,178,491,0,3,4,0,44,0,0,30,6,17,51,11,1,0,0,0,53,294
295,37,0,98,49,0,16,8,0,98,1,1,106,13,8,11,417,15,0,0,1,49,295
296,5,0,1,1,0,1,2,143,3,25,6,5,0,8,12,3,6,658,0,1,48,296
297,619,4,0,6,6,1,9,6,10,22,9,0,1,1,6,3,2,95,0,80,48,297
298,18,0,686,101,0,7,2,4,7,1,0,8,5,25,11,4,0,0,0,0,49,298
299,86,1,23,284,0,6,1,6,210,5,1,4,15,62,97,41,34,2,0,0,50,299
300,0,0,0,0,281,0,0,3,0,581,0,0,0,1,0,0,0,12,0,1,49,300
301,229,4,0,14,0,0,1,93,18,95,7,12,0,0,5,5,39,357,0,0,49,301
302,128,0,83,271,0,59,2,2,67,1,0,18,59,22,12,72,72,3,0,0,57,302
303,15,0,2,55,2,4,16,14,342,308,9,4,0,9,90,2,4,0,1,2,49,303
304,5,0,0,1,155,0,0,151,7,370,4,0,0,0,1,0,0,179,0,6,49,304
305,58,13,1,5,2,2,8,14,299,34,2,74,0,145,20,63,59,78,1,0,50,305
306,356,0,31,268,0,16,2,1,45,1,2,12,14,19,15,19,63,11,0,0,53,306
307,81,0,3,218,1,10,8,2,235,108,1,8,0,110,73,5,1,11,0,3,50,307
308,59,0,0,0,1,3,0,58,1,141,21,0,1,0,0,4,30,560,0,1,48,308
309,326,1,41,172,0,27,3,1,77,11,0,33,1,9,38,120,12,7,0,0,49,309
310,107,0,18,97,1,30,2,3,439,4,0,53,0,22,10,42,50,1,0,0,49,310
311,0,0,0,0,8,0,3,50,0,718,12,0,0,26,0,0,0,19,19,12,61,311
312,8,0,0,3,0,1,3,5,258,11,1,4,10,4,28,180,300,56,0,0,56,312
313,12,3,1,0,49,1,1,70,0,25,20,0,102,2,0,6,34,525,1,20,56,313
314,0,0,3,1,0,849,0,0,2,4,0,1,0,0,5,4,0,2,0,0,57,314
315,5,0,295,2,0,1,3,5,7,33,224,129,30,0,10,116,2,6,0,2,58,315
316,8,0,1,4,0,6,1,0,5,7,1,0,825,3,0,5,1,3,0,0,58,316
317,13,1,154,413,168,0,1,0,16,10,9,19,0,11,1,8,3,4,2,0,95,317
318,25,0,326,140,0,9,2,3,64,2,3,25,110,101,8,47,3,1,0,0,59,318
319,38,1,273,45,0,162,3,1,15,3,0,258,3,14,2,39,15,0,0,0,56,319
320,284,49,1,1,1,2,0,6,21,3,1,9,8,0,2,117,123,241,0,3,56,320
321,80,1,439,24,9,3,3,7,29,5,5,5,0,17,5,71,147,20,0,0,58,321
322,1,3,0,0,3,0,0,535,0,169,35,0,0,0,1,0,4,117,0,0,60,322
323,4,2,0,0,0,160,5,6,0,3,0,2,0,0,1,5,513,167,0,0,60,323
324,11,19,0,0,0,0,0,0,0,0,1,1,808,0,3,4,26,1,0,0,54,324
325,2,0,0,0,0,0,0,11,0,563,32,0,1,2,0,0,0,259,0,0,58,325
326,6,1,2,0,1,0,0,603,0,0,1,1,164,1,1,3,1,85,0,0,58,326
327,1,0,480,150,0,15,24,2,1,1,0,53,1,1,11,104,24,1,0,0,59,327
328,51,0,125,141,0,1,20,1,36,3,16,168,56,24,7,57,131,36,0,0,55,328
329,193,0,42,24,1,101,15,3,311,1,0,38,3,32,13,92,4,1,0,1,53,329
330,239,0,8,35,3,0,1,0,147,0,0,2,0,8,28,376,25,2,0,0,54,330
331,610,5,0,1,2,2,0,16,0,8,4,0,44,4,3,3,54,117,0,0,55,331
332,59,0,593,66,1,8,1,6,35,1,2,40,5,18,22,10,5,3,0,0,53,332
333,2,0,3,19,470,5,2,2,14,29,1,9,1,2,81,1,4,2,3,220,58,333
334,19,9,0,0,33,0,0,259,0,139,29,2,0,1,0,2,1,381,2,0,51,334
335,14,5,14,272,3,3,53,6,26,11,26,28,0,190,15,5,33,4,155,14,51,335
336,66,0,20,136,5,468,0,1,16,7,1,12,0,26,11,94,9,1,0,3,52,336
337,25,20,0,0,4,0,4,0,1,662,8,0,0,14,33,13,2,17,68,6,51,337
338,1,0,0,0,1,0,0,436,0,29,15,1,1,0,0,0,0,382,0,11,51,338
339,88,1,262,236,5,4,5,4,96,10,22,47,3,35,26,4,17,3,0,8,52,339
340,8,0,722,108,0,2,0,3,7,1,9,3,0,8,2,3,0,1,0,0,51,340
341,862,0,0,0,0,4,0,0,1,0,0,0,1,0,0,6,2,1,0,0,51,341
342,53,1,1,35,0,1,0,63,111,81,3,20,0,196,23,7,30,252,0,1,50,342
343,142,0,98,375,0,18,13,1,32,4,1,24,0,62,17,76,10,3,0,1,51,343
344,32,0,11,21,1,25,27,0,668,4,6,8,0,38,18,13,1,0,0,4,51,344
345,0,0,0,61,0,805,0,0,5,0,0,3,0,0,1,4,0,0,0,0,49,345
346,843,3,0,1,0,22,0,0,0,2,3,0,0,3,0,0,0,1,0,1,49,346
347,24,0,18,61,0,1,8,6,217,4,0,16,0,104,85,34,283,17,0,1,49,347
348,228,1,4,41,36,4,1,175,1,178,2,1,12,2,1,3,2,185,0,0,51,348
349,15,36,0,4,1,0,11,83,28,410,4,0,1,3,1,0,2,275,0,0,54,349
350,21,27,0,1,16,5,5,148,3,16,0,168,0,37,4,53,283,55,0,33,53,350
351,53,0,24,157,1,340,24,0,21,5,0,4,203,5,3,17,18,0,0,0,53,351
352,2,1,11,0,56,351,5,176,1,22,1,157,25,0,3,1,3,0,1,57,55,352
353,6,0,8,22,1,25,14,2,489,1,0,56,1,16,28,2,8,20,0,2,227,353
354,3,0,4,4,1,0,3,3,11,3,0,3,2,11,643,3,2,2,0,1,229,354
355,3,0,80,488,2,14,4,15,26,5,4,11,0,19,13,7,4,4,0,0,229,355
356,32,0,17,8,0,578,0,0,39,1,0,56,9,1,100,18,2,2,0,0,65,356
357,89,3,1,1,2,3,2,1,2,8,0,555,4,5,10,117,57,8,0,3,57,357
358,4,8,0,0,142,0,4,17,0,572,12,0,1,0,0,24,23,8,3,55,55,358
359,1,0,0,0,161,0,2,431,1,148,13,0,1,1,1,1,1,36,2,71,57,359
360,44,17,2,62,34,1,14,0,5,7,3,2,33,14,8,85,13,6,213,314,51,360
361,22,0,0,0,0,0,0,0,0,3,0,1,850,0,0,0,1,0,0,0,51,361
362,209,1,0,0,2,41,0,40,0,43,7,1,2,9,1,2,363,155,2,0,50,362
363,1,1,0,0,1,0,0,42,0,526,2,0,0,0,0,2,0,306,0,0,47,363
364,1,0,0,0,318,0,0,142,0,330,6,1,0,0,1,1,0,79,0,1,48,364
365,32,0,567,30,15,5,0,3,2,15,1,1,0,0,1,23,32,9,0,143,49,365
366,0,0,58,14,2,17,242,0,30,0,0,172,165,92,30,4,0,0,0,48,54,366
367,11,2,0,0,0,1,0,11,6,16,0,1,26,0,4,1,4,791,0,0,54,367
368,3,0,22,3,0,3,1,3,11,9,0,81,85,11,35,42,556,9,0,0,54,368
369,42,0,28,136,2,5,37,1,130,46,1,3,168,6,54,39,162,12,0,2,54,369
370,7,0,548,124,0,31,6,0,19,1,0,20,0,81,5,17,15,0,0,0,54,370
371,33,8,1,1,0,0,3,1,0,13,750,0,0,0,0,33,11,21,0,0,53,371
372,7,0,9,52,0,3,0,2,329,10,1,1,12,6,397,4,31,3,0,9,52,372
373,6,1,0,0,2,0,0,132,0,366,1,0,0,0,0,0,1,367,0,0,52,373
374,542,3,2,0,17,1,3,1,0,8,11,0,0,2,0,43,3,60,6,174,52,374
375,6,33,2,5,3,0,72,1,23,4,20,13,0,64,62,21,16,3,526,2,52,375
376,3,0,9,783,0,0,2,1,16,2,0,6,0,21,9,10,7,1,0,4,54,376
377,0,0,6,867,0,0,0,0,1,0,0,0,0,0,0,0,0,0,0,0,54,377
378,8,0,0,0,0,0,0,28,0,7,0,0,519,174,0,12,50,71,0,4,55,378
379,0,0,0,0,871,0,0,0,0,0,0,0,0,0,0,0,0,0,0,1,56,379
380,50,0,0,0,0,816,0,0,0,5,0,2,0,0,0,0,0,0,0,0,55,380
381,0,0,0,0,0,0,0,0,0,1,0,0,863,0,0,10,0,0,0,0,54,381
382,3,0,0,0,0,0,0,170,0,29,1,0,0,0,0,1,0,658,0,0,66,382
383,29,1,3,0,6,0,0,75,2,532,10,0,0,0,0,15,4,185,0,0,66,383
384,12,22,0,0,0,13,0,7,0,17,0,0,726,0,0,38,18,10,0,0,65,384
385,3,1,0,0,47,0,0,582,0,37,1,0,0,0,0,0,1,189,0,0,67,385
386,22,1,0,2,3,1,2,535,13,14,29,8,0,19,5,3,16,162,0,26,67,386
387,18,0,1,13,1,16,1,2,42,2,0,0,145,2,558,22,27,11,0,0,67,387
388,23,2,0,0,104,0,1,60,0,6,4,0,0,0,0,0,4,523,0,137,64,388
389,121,1,93,27,0,5,2,1,125,1,0,85,25,4,106,199,66,2,0,0,65,389
390,1,0,275,16,0,24,47,0,5,0,0,34,0,5,3,404,48,0,0,1,65,390
391,60,0,136,47,6,0,1,117,35,159,7,5,1,2,5,5,10,268,0,1,63,391
392,30,1,268,446,0,4,1,1,2,2,0,67,0,26,1,14,0,2,0,0,63,392
393,13,1,15,609,0,1,1,3,8,0,1,0,0,120,1,1,93,3,0,1,57,393
394,597,0,3,0,0,36,0,5,0,8,37,0,45,1,1,2,2,135,0,0,56,394
395,4,0,1,0,27,0,0,626,0,93,18,0,0,0,1,1,0,99,0,4,54,395
396,169,0,146,313,0,4,32,3,86,1,6,13,0,30,45,21,4,1,1,0,53,396
397,35,0,12,14,72,2,37,409,5,86,11,0,0,18,13,1,1,15,1,143,53,397
398,400,83,1,2,0,5,4,30,0,11,23,1,0,12,0,145,3,156,0,0,52,398
399,20,0,1,3,0,0,2,21,4,85,0,687,0,1,4,12,20,13,0,0,55,399
400,101,0,87,267,0,30,3,2,159,1,0,30,0,84,26,66,17,1,0,0,54,400
401,14,6,0,3,0,2,0,2,0,23,0,2,2,0,17,746,52,6,0,0,53,401
402,19,0,154,467,3,4,2,4,48,0,0,71,27,14,33,20,3,5,0,1,53,402
403,0,0,0,0,445,3,36,0,0,5,4,0,0,0,0,0,0,19,0,363,53,403
404,18,0,1,0,0,825,3,3,1,1,0,1,1,1,4,15,0,0,1,0,53,404
405,0,0,0,0,20,3,1,5,0,673,12,1,0,156,0,0,3,1,0,0,53,405
406,12,1,26,0,0,2,9,2,2,4,0,4,0,758,0,42,10,3,0,0,53,406
407,353,0,1,0,0,62,0,8,0,92,1,1,0,0,0,283,4,69,0,0,54,407
408,90,41,0,0,1,90,0,0,3,0,0,0,0,0,0,636,7,4,0,3,53,408
409,3,2,0,0,2,0,0,245,0,60,1,0,0,0,0,1,1,558,0,0,55,409
410,2,40,0,0,787,0,2,0,0,3,0,0,0,1,0,0,0,3,9,26,55,410
411,1,1,1,0,0,173,1,0,1,0,0,1,0,0,0,62,629,3,0,0,55,411
412,7,1,17,49,0,4,27,0,176,1,1,300,7,50,59,68,104,1,0,0,56,412
413,2,1,549,13,0,2,2,1,3,1,0,260,0,1,16,21,0,0,0,0,56,413
414,29,0,1,2,256,1,0,249,0,96,12,1,109,4,4,17,5,42,0,44,56,414
415,64,0,93,39,0,5,9,1,145,5,3,212,141,42,13,15,9,57,0,18,57,415
416,75,3,28,63,18,0,8,7,362,30,2,12,0,83,91,4,58,15,2,10,57,416
417,630,2,1,0,1,7,0,82,0,22,12,0,0,1,1,3,2,104,0,0,60,417
418,41,1,3,5,487,110,3,44,4,37,38,2,0,9,20,25,18,8,11,1,61,418
419,177,0,27,169,1,36,22,1,64,28,12,11,24,4,149,31,30,3,0,74,65,419
420,69,9,0,0,36,1,0,451,0,197,1,0,0,0,0,0,6,76,1,19,62,420
421,521,0,1,2,2,18,27,106,1,2,0,1,1,2,1,44,8,128,0,1,62,421
422,10,0,248,283,0,9,3,3,40,9,0,151,2,14,64,24,6,0,0,1,61,422
423,92,0,6,38,6,22,9,4,393,9,4,16,35,110,20,8,84,3,0,3,66,423
424,1,0,0,0,102,0,0,127,0,584,41,0,0,0,0,0,1,9,0,0,63,424
425,5,0,36,574,0,0,13,1,7,32,2,27,2,148,11,2,2,1,1,0,64,425
426,48,1,2,0,11,0,1,2,0,2,2,0,0,0,0,7,143,639,0,6,64,426
427,7,52,0,0,1,763,1,0,0,0,0,0,0,0,1,32,7,0,0,1,63,427
428,46,1,0,1,0,55,0,2,3,0,5,2,0,0,174,125,450,0,1,0,63,428
429,0,15,0,0,4,0,0,116,0,5,0,0,0,0,0,1,2,719,0,0,66,429
430,6,0,0,0,10,4,287,28,0,3,32,231,0,210,3,0,7,17,8,17,65,430
431,0,0,0,0,1,0,0,638,0,125,5,0,0,0,0,0,0,91,1,0,67,431
432,0,0,5,0,0,28,0,0,0,0,0,789,0,0,6,1,0,0,31,0,68,432
433,120,34,96,51,0,132,2,0,7,2,1,322,0,1,2,69,6,0,0,0,83,433
434,42,2,0,0,7,4,10,6,360,17,9,0,3,165,124,33,9,52,3,15,67,434
435,15,164,0,0,0,4,0,6,0,1,0,0,155,0,2,37,473,1,0,3,67,435
436,51,0,19,186,0,47,1,2,3,1,1,7,0,448,23,41,26,4,0,0,68,436
437,1,1,2,0,39,1,28,4,0,4,1,0,6,0,681,1,0,5,0,85,69,437
438,1,0,2,0,2,701,0,0,0,8,0,0,0,0,122,13,7,0,2,1,69,438
439,35,0,14,3,5,1,1,49,0,16,2,0,584,0,0,1,103,39,3,3,69,439
440,3,0,768,42,0,25,0,0,0,4,0,1,10,1,2,1,0,2,0,0,69,440
441,20,1,2,4,3,5,224,7,3,24,23,284,2,32,8,28,91,65,19,20,63,441
442,5,0,1,2,606,0,0,3,0,36,74,1,0,2,0,26,17,6,0,87,62,442
443,6,3,0,1,0,0,0,0,1,0,0,0,847,1,0,3,2,1,0,0,63,443
444,0,0,0,0,796,3,2,0,0,2,0,0,0,0,0,0,0,1,10,51,63,444
445,21,0,0,0,2,166,0,105,0,352,2,94,3,32,0,19,69,1,0,0,62,445
446,4,0,0,0,0,855,0,1,0,0,0,1,0,0,1,2,0,2,2,0,60,446
447,98,3,1,3,8,1,1,67,6,27,2,4,0,1,204,4,9,424,3,3,59,447
448,0,0,3,2,0,10,3,1,824,1,4,3,0,0,10,3,0,4,0,0,60,448
449,51,0,193,19,0,286,11,0,92,2,4,110,2,38,7,41,5,1,2,5,59,449
450,1,0,0,1,0,4,0,0,3,1,0,5,2,0,4,843,4,0,0,0,60,450
451,167,0,0,1,0,686,0,3,0,0,0,3,0,0,0,5,0,1,0,0,62,451
452,263,2,1,143,25,0,3,77,0,59,152,27,0,11,12,4,8,58,4,15,64,452
453,8,0,2,0,3,838,0,0,0,2,0,1,2,0,0,9,0,0,0,2,61,453
454,97,0,2,6,0,0,0,21,46,1,7,0,4,2,87,38,271,279,0,2,65,454
455,1,0,1,140,3,19,5,4,1,171,1,0,1,507,3,1,1,2,0,2,65,455
456,5,0,0,0,0,676,0,0,0,2,0,4,0,0,3,171,0,0,0,0,67,456
457,2,2,0,0,0,1,0,438,0,17,2,0,9,0,0,5,2,371,0,0,79,457
458,7,1,5,4,11,39,115,28,276,10,2,3,9,20,225,29,36,23,0,3,82,458
459,8,1,184,49,17,0,8,0,98,0,0,32,1,2,13,4,2,0,3,422,84,459
460,275,0,0,0,1,6,0,1,0,1,0,1,1,1,2,506,47,1,0,0,85,460
461,1,0,0,0,6,0,0,426,1,304,87,4,0,0,0,0,3,15,0,9,72,461
462,7,0,54,475,0,3,9,1,46,26,0,31,0,16,187,3,1,0,0,3,66,462
463,362,2,50,43,39,2,1,2,0,4,29,13,0,2,1,198,9,98,1,6,66,463
464,0,0,0,0,225,0,1,3,0,21,549,0,0,0,0,14,2,17,0,36,60,464
465,2,1,4,1,0,0,0,0,0,12,5,0,1,4,1,234,593,6,0,1,63,465
466,15,0,5,43,1,3,2,172,56,2,3,180,1,37,238,14,56,10,0,27,63,466
467,7,1,15,145,4,2,8,22,4,46,8,3,85,5,167,5,17,290,1,31,62,467
468,1,0,1,0,0,0,2,0,640,3,2,1,1,1,40,35,134,2,0,0,65,468
469,62,0,1,0,28,27,0,4,0,153,36,0,2,1,0,312,77,158,0,3,64,469
470,5,3,0,0,19,0,0,258,1,33,16,0,0,0,1,1,214,280,1,32,64,470
471,169,12,3,0,0,3,10,42,0,5,0,1,2,1,1,47,9,556,1,1,65,471
472,45,0,0,3,309,0,1,124,0,197,7,1,0,1,3,20,101,28,6,15,67,472
473,5,0,266,1,1,3,4,1,180,0,0,266,39,3,37,7,43,2,0,0,70,473
474,7,0,30,14,101,30,3,130,18,200,8,21,1,20,8,13,10,177,39,22,76,474
475,51,0,14,13,0,14,4,10,170,35,1,54,51,136,52,18,62,104,0,0,139,475
