"","NSTEP","TEMP","PRESS","Etot","EKtot","EPtot","BOND","ANGLE","DIHED","NB14","EEL14","VDWAALS","EELEC","EKCMT","VIRIAL","VOLUME","Density"
"1",20000,299.3,113.8,-124182.6,28665.7,-152848.4,736.9,2002.8,3086.1,876,9660.1,18981.2,-188191.8,12945.3,11782.5,473076.4,1
"2",40000,297.3,-47.3,-124305.5,28476.3,-152781.8,751.9,1989.1,3109,881.8,9707.9,18711,-187932.7,12848.6,13330.2,471501.7,1
"3",60000,298.9,53.1,-124286,28628.2,-152914.2,760.6,2016.5,3064.4,872.1,9656.2,18891,-188175.3,13070.5,12529.9,471893.3,1
"4",80000,297.2,-85.7,-124282.2,28464.4,-152746.6,751.2,1995.3,3065.8,890.9,9653.8,18606.2,-187710.2,12876.3,13748.7,471673.2,1
"5",1e+05,298.7,-33.3,-124094.9,28608.4,-152703.3,726.9,2006.5,3075.4,882.2,9721.2,18802,-187917.8,13031.6,13370.5,471457.2,1
"6",120000,299.5,149.7,-123968.8,28683.7,-152652.6,758.7,1986.2,3096.3,856.8,9645.5,18997.7,-187994.1,12989.3,11463.5,472139.6,1
"7",140000,297.3,72.8,-124648.5,28476.9,-153125.4,706.9,2010.2,3065.7,871.9,9688,18932.1,-188400.4,12876.6,12135.9,471472.7,1
"8",160000,297.9,-4.1,-124233.6,28533.6,-152767.3,716.8,2016,3037.2,866,9676.9,18795.2,-187875.6,12961.8,13003.4,472313.6,1
"9",180000,295.9,99.6,-124559.5,28345,-152904.5,759.9,2030.6,3073.6,856.5,9597.6,19085.5,-188308.5,12792.7,11777.6,472211.6,1
"10",2e+05,296.2,-2.5,-124587.6,28373.3,-152960.9,759.2,1965.8,3091.9,857,9673.8,18816.1,-188125.1,12905.4,12930.4,471591.7,1
"11",220000,299.7,120.1,-124072.5,28706,-152778.6,756.6,2030.8,3058.9,878.2,9616.8,18923.9,-188044.1,12910.5,11685.7,472443.4,1
"12",240000,297.1,36.5,-124527,28456.6,-152983.7,745.1,1987.7,3066.4,887.6,9629.6,18967.5,-188267.9,12815.9,12443.8,472273.1,1
"13",260000,296.2,-38.6,-125160.1,28368.2,-153528.4,727,1976,3065.8,862.3,9609.4,18910.1,-188679.2,12802.8,13195.1,470497,1
"14",280000,297.2,70.1,-124081.4,28464.6,-152546,790.1,2018.2,3076.3,856.3,9542.2,18912.7,-187742.1,12813.4,12098.7,472025.3,1
"15",3e+05,301.9,-204.3,-124210,28918,-153128.1,738.3,1994.5,3051.2,861.2,9676.5,18689.2,-188139.2,13050.4,15133.2,472190.4,1
"16",320000,297.7,60.3,-124207.5,28511.1,-152718.6,714.9,1994.4,3029.3,876.9,9657.5,18855.6,-187847.5,12889.1,12275.1,471930.9,1
"17",340000,296.7,50.1,-124283.6,28423.8,-152707.5,760.7,2000.9,3048,863.9,9665.9,18996.7,-188043.8,13065.3,12554.7,472388.2,1
"18",360000,299.5,-203.8,-124111.1,28689.2,-152800.3,728.4,2008.1,3084.9,852.5,9709.5,18730,-187914,13099.2,15177.9,472351.7,1
"19",380000,297.3,-46.6,-124334.2,28478.4,-152812.7,748.3,2016.7,3091.4,866.2,9675.6,18882,-188093.2,12857.4,13331.9,471209.3,1
"20",4e+05,298.4,-12.1,-124592.3,28584.9,-153177.3,750.2,1979,3068.6,863.6,9621.4,18957.4,-188417.8,12978.8,13101.5,471573.4,1
"21",420000,299.5,-90.1,-124334.7,28689.1,-153023.9,742.8,2096.9,3084.8,855.2,9632.5,18874.8,-188311.2,12908.4,13824.9,471323.4,1
"22",440000,298.5,-43,-124362.7,28594.6,-152957.4,738.5,1964.1,3075.9,866.5,9682.5,19033.2,-188318.4,12907.3,13345.5,472506.6,1
"23",460000,302.2,-97.2,-124141.3,28941.8,-153083.2,771.7,2026.8,3066.1,878,9605.3,18840.4,-188271.7,13169.6,14158.9,471364.6,1
"24",480000,297,92.1,-124572.5,28447.3,-153019.8,746.9,2043.7,3069.3,847.1,9640.1,18901.4,-188268.6,12770.1,11834.3,470696.3,1
"25",5e+05,299.4,-90.2,-124125.1,28677.8,-152803,763.1,2037.1,3069.6,855.1,9704,18760.8,-187992.9,13065.6,13985.1,472137.1,1
"26",520000,295.3,-74.1,-124561.3,28288.3,-152849.7,752.9,2028.1,3103.6,865.4,9740.1,18823.1,-188163.2,12764.7,13519.9,471993.7,1
"27",540000,298.7,108.6,-124437.4,28614.1,-153051.6,715.1,2004.5,3087.9,864.6,9754.8,18888.8,-188367.7,12820.3,11713.9,471877.5,1
"28",560000,297.8,103.6,-124504.5,28529.3,-153033.9,770.6,1993.4,3074.4,871.6,9707.8,19162.1,-188614.1,12857.4,11801.9,471869.6,1
"29",580000,299.1,64.9,-124083.6,28645.6,-152729.3,749.8,2032.5,3067.6,857.2,9744.7,18875.2,-188056.5,13088.3,12427.4,471543.4,1
"30",6e+05,298.5,31.5,-124184.2,28591.3,-152775.5,730,2003.5,3076.2,849.5,9740,18943.8,-188118.8,12974.2,12653.3,472474.9,1
"31",620000,298,-114.7,-124356,28543,-152899.1,752.2,2041.7,3053.5,873.8,9752.1,18877.6,-188250.4,12814.4,13984.9,472830.2,1
"32",640000,295.9,87.3,-124371,28343.1,-152714.2,727.5,1981,3078.6,855.6,9633.8,18693.9,-187684.9,12825.8,11935.7,472345.8,1
"33",660000,296.4,-39.6,-124395.2,28389.5,-152784.7,737.5,1995.4,3070.9,865,9684.2,19060.2,-188198.1,12916.4,13320.7,472525.7,1
"34",680000,298.2,-125.9,-124564.3,28562.2,-153126.6,728,1984.4,3056.2,869.8,9746.2,18701.4,-188212.9,12861.7,14143.8,471592,1
"35",7e+05,296.8,40.7,-124338.2,28433.2,-152771.4,760.5,1971,3082.5,879.8,9712.1,19053.2,-188230.9,12843.6,12429.9,471308.2,1
"36",720000,299.6,-14.5,-123865.9,28699,-152565,718.6,2039.1,3076.7,857.8,9672.9,18763.5,-187694,13030.1,13178,472965.2,1
"37",740000,298.3,20.7,-124452.9,28575.5,-153028.4,750.9,2001.7,3102.5,854.2,9660.5,19031.9,-188430.5,13072.1,12860.9,471806.1,1
"38",760000,296.5,88.6,-124508.2,28400.9,-152909.1,700.3,1974.3,3069.7,871.3,9701.5,18931.5,-188158.1,12868,11964.1,472543.8,1
"39",780000,299.5,72.2,-124375.7,28691.3,-153067,757,1962.3,3056.1,859,9668.7,19032.2,-188402.6,13056.1,12320.8,471597.9,1
"40",8e+05,299.6,-19.1,-124257.4,28696.8,-152954.2,748.9,2035,3063.7,862.5,9665.8,18836.6,-188167,13037.4,13231.9,472160,1
"41",820000,296.4,139.2,-124308.7,28395.3,-152704.1,717.9,2029.5,3062.2,863.2,9687.3,19284.7,-188349.2,12833.4,11413.5,472431.9,1
"42",840000,297.1,-134.1,-124222.3,28460.5,-152682.8,747.2,1997.5,3077.6,883.8,9668.4,18742.6,-187800.1,12782.1,14151.1,472767.9,1
"43",860000,296.5,-86.7,-124346.3,28395.6,-152741.9,731.8,2016,3061.4,865.3,9696.7,18864.4,-187977.8,12943.4,13828.2,472702.5,1
"44",880000,299.2,-28.1,-124170.8,28662.1,-152832.9,727.7,2000.5,3059.2,877.6,9711.4,18706.2,-187915.7,13029.9,13316.8,472091.8,1
"45",9e+05,298.1,-109.9,-124508,28554.9,-153063,732.8,2030.9,3051.9,867.3,9728.2,18960.4,-188434.7,13027.4,14147.9,472132.3,1
"46",920000,299.1,-182,-124004.4,28651.3,-152655.7,746.7,2031.8,3045,872.2,9722.9,18690.1,-187764.7,12923.9,14781.4,472648.4,1
"47",940000,299.2,-30.4,-124069.9,28659,-152729,745.2,2076.1,3058,854.7,9658.2,18799.1,-187920.6,13023.7,13334,472042.2,1
"48",960000,297.7,-40.8,-124248.8,28517.2,-152766.1,764.1,2055.6,3053.3,864.3,9670.4,18786.8,-187961,12893.8,13309.8,471756.6,1
"49",980000,295.7,153.1,-124497.1,28327.2,-152824.4,759.6,2044.7,3065.1,854.8,9654.3,18990.9,-188194,12874.6,11313.2,472359,1
"50",1e+06,299,119,-123888.4,28642.4,-152530.9,751.2,1975.3,3058.6,846.1,9666.4,19056.5,-187885.2,13048,11832.3,473017,1
"51",1020000,298.9,-123.6,-124312,28628.1,-152940.2,731.2,2039.9,3056,880.5,9696.9,18777.3,-188122.2,12921.2,14181.8,472364.9,1
"52",1040000,299,86.1,-124027.4,28642,-152669.4,711.9,1934.4,3055.1,870.7,9679.6,19056.1,-187977.3,12954.5,12075.7,472536.6,1
"53",1060000,297.6,-38.2,-124255.2,28502.2,-152757.5,760.6,2008.9,3059.7,869.1,9685.7,18798.8,-187940.5,12903.5,13292.8,471859.8,1
"54",1080000,297,-32.9,-124271.9,28447.9,-152719.8,726,1997.8,3058.5,868.4,9761.3,18904.1,-188036.2,12935.8,13271.4,472081.1,1
"55",1100000,298.2,27,-123992.9,28562.2,-152555.1,749.4,1991.9,3085.9,848.9,9656.5,18633.7,-187521.8,13027.5,12753,471590.1,1
"56",1120000,298.5,-102.7,-124468.8,28596.4,-153065.2,769.6,2034.4,3060.9,852.2,9665.1,18786.7,-188234.4,12989,14034.9,471615.8,1
"57",1140000,299.5,-183.6,-124552.3,28688.8,-153241.1,737.5,1977.7,3086.2,861.2,9725.9,18839.7,-188469.7,12928.7,14801.2,472252,1
"58",1160000,297.3,109.8,-124487.9,28480.1,-152968,729.4,1998.7,3070.7,862.7,9665.4,19199.1,-188494.3,13021.6,11898.9,473395.9,1
"59",1180000,297,140.6,-124423.7,28443.6,-152867.4,814.4,2035.7,3066.4,859.3,9706.9,19023.2,-188373.7,12928.5,11497.1,471370.6,1
"60",1200000,296.4,-113.9,-124737,28390.2,-153127.3,717.7,2003.5,3060,870.6,9691.8,18985.4,-188456.7,12810.4,13971.6,471958.9,1
"61",1220000,298.5,-65.8,-124419.2,28588.4,-153007.7,747.5,2039.2,3056.5,880.3,9641.6,18671.8,-188044.9,13045.3,13715.4,471663.8,1
"62",1240000,297.8,1.5,-124480.7,28523.9,-153004.6,732.4,2051.8,3026.3,863.8,9603.3,19023.6,-188306.2,12960.2,12945.2,472511.7,1
"63",1260000,299.2,41.2,-124629.4,28654.6,-153284,743,1997.2,3074,851.5,9696,19007.4,-188653.4,12997.6,12578.3,471527.9,1
"64",1280000,300.3,-50.4,-124481.5,28763.3,-153244.9,726.7,2029.2,3051.9,874.2,9676,18920.7,-188523.7,13092.9,13605.5,471304.2,1
"65",1300000,299,87.9,-124065.2,28635.3,-152700.6,787.6,1939.3,3029.6,868.9,9691,18919,-187936.2,12933.1,12034.4,473506.3,1
"66",1320000,298,-95.6,-124395.4,28539.5,-152934.9,763.2,1974.5,3076,857,9697.5,18828.4,-188131.8,12941.2,13915.4,471749.9,1
"67",1340000,299.6,24.6,-124097,28700.6,-152797.7,695.1,2065.4,3075.9,868.6,9663.3,18994.1,-188160.6,13102,12850.6,473075.3,1
"68",1360000,299.4,-115.9,-123821.5,28676,-152497.6,772.4,2036.1,3062.6,852.6,9555.9,18609.5,-187386.9,13030.4,14212.6,472575.2,1
"69",1380000,297.3,128.7,-124256.5,28478.4,-152734.9,747.8,2011.8,3040.4,836.4,9599.5,18941.5,-187912.6,12900.6,11587.8,472521.1,1
"70",1400000,296.2,110.2,-124584.2,28373,-152957.2,718.4,1973.2,3093,870.8,9624.2,18880.4,-188117.4,12976.6,11853.9,471896.8,1
"71",1420000,298.1,-32.7,-124437.9,28555.8,-152993.7,730.6,1979.6,3057,861,9620.3,18857.7,-188100.1,12829.7,13163.4,472119,1
"72",1440000,298,75.5,-124475,28539.4,-153014.4,748.5,1990.7,3033.7,887.1,9657.1,19142.8,-188474.6,13124.8,12355.2,472012.5,1
"73",1460000,298.6,-52.3,-124306.7,28598.8,-152905.5,740.8,2058.4,3074.5,864.1,9603.8,18846.3,-188093.7,13015.3,13548.5,472255.2,1
"74",1480000,297.8,-10.5,-124568.8,28526.1,-153095,788.6,2010.3,3062.8,865.7,9643.3,18890.4,-188356.4,12931.1,13038.1,472165.6,1
"75",1500000,297.6,-94.8,-124431.8,28504.8,-152936.7,732.5,1980.8,3078.6,898.2,9640.2,19057.8,-188325.1,12854.2,13818.8,471377,1
"76",1520000,297.6,-147,-123918.2,28509.5,-152427.7,739.5,1974.2,3069.5,868.4,9634.2,18564.2,-187278,12955.4,14457.6,473445.9,1
"77",1540000,297.5,28.6,-124447,28493.7,-152940.7,791.2,1951.3,3000.3,846.5,9612.8,18910.5,-188053.6,12900.2,12608.6,472277.3,1
"78",1560000,297.5,194,-124198.9,28491.5,-152690.4,734.3,2007.3,3050.6,853.9,9631.7,18886.8,-187855.3,12863,10887,471759.6,1
"79",1580000,297.9,-84.4,-124472.9,28531.4,-153004.4,780.2,1986.7,3047.6,843.4,9529.8,18801.4,-187993.7,12878.6,13736.4,470744.1,1
"80",1600000,297.7,-54.4,-124408.3,28514.9,-152923.2,730.3,2001.4,3067,856.5,9647.6,18464.5,-187690.8,12973.1,13526.8,471683.5,1
"81",1620000,297,-5.3,-124374.8,28448.5,-152823.3,727.3,1960.5,3063.2,864.1,9595,18847.3,-187881,12939.8,12994,471932.4,1
"82",1640000,298.1,63.8,-124381.7,28551.3,-152933,752.3,2060.7,3056.2,841.2,9583.3,18864.2,-188091.2,13002.3,12351.6,472488.7,1
"83",1660000,297,193.6,-124505.9,28449.4,-152955.4,747,2018.6,3048.1,882.4,9639.2,18824.5,-188115.4,12808.8,10840.8,470727.8,1
"84",1680000,297.9,62.3,-124387.3,28529.9,-152917.3,751.1,2012.3,3048.3,840.4,9608.2,18953.3,-188131,12987.3,12351,473271.6,1
"85",1700000,296.1,134.5,-124601.2,28361.4,-152962.7,749.3,2024.3,3047.8,866.1,9641.1,18810.4,-188102.2,12976.5,11607.5,471341.9,1
"86",1720000,297.4,-128.7,-124389.4,28484.5,-152873.9,754.3,2026.6,3035.9,875.6,9685.9,18861,-188113.5,12674,13985.4,472091.8,1
"87",1740000,296.5,40.9,-124337.1,28405,-152742.2,719.6,2032.1,3025.2,865.6,9665.5,19108.1,-188158.6,12912.6,12495.1,472790.2,1
"88",1760000,297.7,-16.2,-124579.5,28514.2,-153093.8,760.1,2035.5,3063.3,852.7,9597.3,18901.2,-188304.2,12952.5,13117.6,471835,1
"89",1780000,297.3,-123.3,-124690.2,28478.5,-153168.7,739.8,2061.1,3031.6,849.9,9604.2,18745.2,-188200.8,12938.7,14194,471477,1
"90",1800000,295.5,178.5,-124649.7,28301.8,-152951.5,748.7,1965.4,3033.1,867.6,9614.1,18855.1,-188035.8,12746.1,10930.8,471128.8,1
"91",1820000,299,16.9,-124321.2,28638.5,-152959.8,774.7,1960.3,3096.9,870.2,9676.5,18975.2,-188313.9,12944.1,12772.2,471399.9,1
"92",1840000,300.6,71.6,-123727,28789.3,-152516.3,760.9,1982.3,3043,863,9621.1,18768.8,-187555.8,13103.8,12374.3,471901.1,1
"93",1860000,297.8,-156.4,-124342.7,28523.7,-152866.4,775.5,2014.9,3077.6,859.9,9600.4,18489.7,-187684.7,12925.9,14517.6,471338.6,1
"94",1880000,299.5,-24.7,-124172.7,28691.5,-152864.3,722.1,2003.7,3060,887.8,9614.6,18381.5,-187534.4,13112.5,13363.9,472139.9,1
"95",1900000,296.6,20.3,-124438.3,28406.9,-152845.2,783.9,2072.1,3064.5,864.1,9558.5,19155,-188343.6,12907.8,12701,471591.2,1
"96",1920000,299.5,-87.1,-124116.7,28689.3,-152806,723.7,2053.2,3046.2,849.2,9609.3,18743.3,-187831.1,12998.9,13886.3,472099,1
"97",1940000,298.5,37,-124721.5,28595.9,-153317.4,725.9,1985,3081.4,857.5,9568.9,18923.8,-188460.1,12913.1,12537.8,470229.8,1
"98",1960000,297.4,-39.7,-124257.5,28484.6,-152742.1,749.1,2025.7,3069.2,859.4,9661.8,18798.5,-187906.1,12941.3,13345.3,471837.7,1
"99",1980000,298.2,-180.9,-124649.6,28559,-153208.6,717.6,1999.9,3055.9,851.8,9624.6,18709.3,-188168,12971.4,14813.2,471541.4,1
"100",2e+06,301.8,44.6,-124336.7,28905.5,-153242.2,741.9,1940.5,3034.3,862.4,9629.7,18979.8,-188431.1,13206,12751.6,472037.5,1
"101",2020000,300.8,-90.3,-123903.6,28807.9,-152711.5,752.9,1975,3056.3,856.2,9563.4,18697.9,-187613.5,13053.4,13976.2,473071.4,1
"102",2040000,296.9,87.9,-124459.1,28434.8,-152894,768.5,1989.6,3061.4,850.9,9619.7,18926.9,-188111.3,12952,12055.6,472368.4,1
"103",2060000,298.4,97.8,-124281.8,28580.1,-152861.9,751.7,1961.1,3066.6,867.3,9659.7,19093.2,-188261.8,12767.2,11771,471555.2,1
"104",2080000,296.7,-79.5,-124539.5,28423,-152962.5,757.3,2033.1,3039.8,877.5,9701.1,18926.1,-188297.7,12904.8,13713.6,471498.9,1
"105",2100000,295.7,-9.9,-124851.2,28319.4,-153170.6,728.3,1979.7,3072.8,899.2,9686.2,18926.3,-188463.4,12870.6,12972,472682.3,1
"106",2120000,294.7,38,-124558.8,28227.1,-152786,709.2,2070.7,3057,865,9689,18959,-188136.1,12852.2,12464.2,472476.2,1
"107",2140000,298.2,-15,-124148.6,28567.7,-152716.3,756.5,1987.6,3077.9,871.8,9654.4,18814.5,-187879.4,12990.9,13143.8,472501.9,1
"108",2160000,296.1,-0.6,-124606.7,28366.5,-152973.3,742.4,2089.7,3062.1,871.9,9641,18854.4,-188235.1,12911.9,12917.6,472191.4,1
"109",2180000,298.6,-23.4,-124410,28603.6,-153013.6,732.6,2042,3052,861.7,9703.8,18924.3,-188330.5,13006.1,13244.9,472284.6,1
"110",2200000,299.5,134.8,-124044,28691.3,-152735.4,766.5,2087.6,3046.1,856.4,9595.2,18862.7,-187949.9,12945.5,11573.7,471481.1,1
"111",2220000,299.6,54.4,-124316.9,28694.2,-153011.1,745.4,2037.9,3058.3,865.3,9598,18953.5,-188269.7,13116.2,12562.3,471713.3,1
"112",2240000,299.3,158.7,-124496.4,28673,-153169.4,734.9,2026,3061.7,874.9,9631,18871.8,-188369.9,13054.5,11439.6,471253.1,1
"113",2260000,299,-202.8,-124282.6,28638.9,-152921.6,756.6,1993.5,3036.1,872.3,9611.7,18659.4,-187851.6,12969.7,15035.5,471880,1
"114",2280000,296.7,-56.1,-124433.4,28424.2,-152857.7,770.7,2063.5,3031.9,857.2,9708.9,18971.3,-188261.4,12886.8,13458.1,471886.8,1
"115",2300000,297.4,-55.7,-124567.4,28482.7,-153050.1,723.3,2030.9,3087.2,863.2,9610.7,19010.5,-188376.3,12931.4,13498.7,471318.7,1
"116",2320000,298.3,69.6,-124298.4,28575.4,-152873.8,763.8,1973.1,3060.7,856.6,9627.2,18942.7,-188098.1,13049.1,12339.4,471992.3,1
"117",2340000,297.2,-55.4,-124792.2,28467.5,-153259.8,715.7,2019.7,3076.2,873.1,9696.9,18796.7,-188438.3,12867.3,13431.6,471652.7,1
"118",2360000,297.4,-103.3,-124652.2,28489.5,-153141.7,743.1,2036.2,3054.8,853.9,9595.7,18763.7,-188189.4,12835.5,13886.8,471503.2,1
"119",2380000,297.1,-141.3,-124610.7,28459.1,-153069.9,753.8,2019.6,3022.4,851,9669.4,18805.1,-188191.6,12995,14433.5,471621.3,1
"120",2400000,298.5,-7.1,-124576.7,28596.2,-153173,745.6,1929.7,3026.3,854.4,9561.7,18900.9,-188192,12977.5,13049.5,472393.6,1
"121",2420000,299.9,-10.3,-124414.1,28727.3,-153141.5,740.4,2043.6,3017.7,885.2,9647.4,19170.2,-188646.2,12992.4,13097.3,471668.2,1
"122",2440000,297.3,-138.1,-124373.3,28472.4,-152845.8,782,1999.4,3061.9,833.4,9608.2,18658.6,-187789.5,12849.9,14255.3,471372,1
"123",2460000,298.5,-40.8,-124477.7,28594.3,-153072,726.6,2078,3056.2,863.7,9574.5,18837.3,-188208.5,12929,13344.7,471970.9,1
"124",2480000,296.6,163.9,-124298.3,28406.5,-152704.8,742.1,2072.9,3040.5,855,9661.1,18901.5,-187978.2,12938.8,11269.3,471724.9,1
"125",2500000,299.4,-7.7,-124157.1,28676.7,-152833.8,768.5,2009.1,3028.1,871.7,9643.2,18996.9,-188151.7,12958.9,13037,471850.7,1
"126",2520000,297.3,43.2,-124372.2,28479,-152851.3,741.7,2024.9,3062.1,857.1,9597.5,19066,-188200.9,13022.3,12583.5,470724.8,1
"127",2540000,299.6,-23.1,-124151.1,28698.7,-152849.9,752.3,2016.6,3053.3,876.6,9649,18899.7,-188097.7,13069.8,13305.6,472225.9,1
"128",2560000,298.4,-54.7,-124626.6,28580.1,-153206.7,735.4,2002.5,3063,855.7,9635.3,18818,-188316.8,12906.7,13463.2,471636.3,1
"129",2580000,298,-80.4,-123935.1,28539.3,-152474.4,744,1983.3,3043.8,865.2,9684.3,18881.2,-187676.5,12892.6,13712.9,472630.4,1
"130",2600000,297.6,-109.1,-124262.3,28509.9,-152772.3,754.5,2068.3,3037,854,9604,18635.3,-187725.5,12951.4,14061.2,470956.1,1
"131",2620000,296.7,-30.7,-124526.7,28421.5,-152948.2,754,2010.4,3051.7,867.4,9643.8,18753.4,-188029.3,12906.9,13220.2,472151.5,1
"132",2640000,295.9,-119.1,-124591.1,28346.8,-152938,755.1,1991.7,3086.5,865.8,9639.1,18632.7,-187909.1,12813.2,14026.2,471507.8,1
"133",2660000,299.4,-96.2,-123772.8,28681.5,-152454.3,731.5,1952.2,3048.7,860.3,9597.4,18621.6,-187266.4,13024,14005.6,472578.9,1
"134",2680000,297.8,-27.7,-124358.7,28520.5,-152879.2,775.6,2014.1,3074.8,875.2,9609.5,18723.4,-187952.1,12983.8,13266.2,472338.8,1
"135",2700000,298.1,-17.3,-124830.9,28552.1,-153383.1,746.6,1988.2,3082.6,862.3,9624,18934.5,-188621.6,12919.5,13095.5,471790.8,1
"136",2720000,297.9,25,-124634.4,28536.2,-153170.6,763.7,1992.6,3061.4,881.9,9669.3,19072.9,-188612.7,12976.6,12722,472032.3,1
"137",2740000,298.3,-51.7,-124499.2,28572.1,-153071.3,719,1952.7,3059.5,860.5,9612.1,18536.6,-187811.9,12963.8,13491.4,472285.3,1
"138",2760000,296.9,-116.4,-124353.6,28439.2,-152792.9,716.7,2072.5,3055,847.5,9597.1,18757.3,-187839.4,12885.9,14075.4,473452.9,1
"139",2780000,298.1,-1.3,-124051.4,28556.2,-152607.6,757.5,2069.8,3053.6,850.7,9574.8,18848.9,-187763.2,12945.3,12958.8,472080.4,1
"140",2800000,296,-24.6,-124803.2,28352.7,-153156,768.2,2019.9,3029.9,856.2,9630,19099.3,-188559.8,12788.7,13039.7,472092.7,1
"141",2820000,298,10.9,-124221,28548.2,-152769.2,717.6,2016.8,3072.2,876.1,9656.2,18809.5,-187917.8,12946.5,12835.9,472014.8,1
"142",2840000,298.7,58.8,-124192.4,28607.8,-152800.2,748.7,1996,3053.1,856.2,9617.4,18839.7,-187911.5,13029.9,12431.2,471673.7,1
"143",2860000,297.2,-143,-124629.5,28470.1,-153099.7,721.8,2037.7,3065.4,862.4,9538.2,18581.4,-187906.9,12883.6,14339.2,471392.2,1
"144",2880000,299.6,-105.9,-124268.4,28696.3,-152964.7,748.5,1994.9,3052.2,850.2,9532.9,18825,-187968.7,13035,14113.8,471820.8,1
"145",2900000,296.4,-159.9,-124289.8,28393,-152682.9,777.4,2006,3092.9,878.5,9632.9,18585.9,-187656.8,12862.5,14492.6,472299.8,1
"146",2920000,299.9,37.4,-123989.1,28721.2,-152710.4,775.3,2075.2,3018.3,861.8,9602.9,18723.4,-187767.7,13002.5,12621.4,472046.9,1
"147",2940000,297.9,62.9,-124499.8,28536.9,-153036.8,732.3,2003.6,3061.6,843,9596.6,18935.6,-188209.8,12939.7,12300,471387.8,1
"148",2960000,295.8,-218.8,-124594.8,28336.2,-152931,772.4,2028.2,3036.8,852.3,9586.1,18863.7,-188070.8,12908.9,15140.2,472226.5,1
"149",2980000,301.9,-94.3,-124067.6,28914.9,-152982.5,721.7,2034.8,3054.2,878.2,9638.4,18776.4,-188086.5,13212.8,14177,473347.8,1
"150",3e+06,299,-112.4,-124347.7,28643.9,-152991.7,706.1,2030.4,3067.5,860.9,9602.8,18826.8,-188086.6,12975.7,14118.2,470540.2,1
"151",3020000,297.4,80.1,-124465.9,28487.4,-152953.4,814.2,2025.5,3075,864.1,9552.8,19000,-188285.2,12867.7,12052.2,471729.6,1
"152",3040000,297.9,-130.7,-124585.2,28535.6,-153120.8,773.2,2008.1,3058.2,861.8,9609,18915.2,-188346.6,12926.3,14259.8,472473.4,1
"153",3060000,295.1,-45.9,-124783.1,28267.6,-153050.7,718.5,1959.5,3066.9,869.6,9671.2,18930.9,-188267.7,12734.4,13201.6,471448.8,1
"154",3080000,299.1,49.8,-124337.8,28650.4,-152988.2,758.4,1977.5,3073.8,861.3,9617.6,19098.4,-188375.6,12948.9,12442.3,471358.1,1
"155",3100000,301.1,-95.1,-124022.1,28843.8,-152866,741.6,1984.7,3044.2,878.1,9662.3,18852,-188029.2,13219.5,14189.2,472044.8,1
"156",3120000,297,26.7,-124752.6,28444,-153196.6,714.4,2064.7,3085.2,887.2,9640.8,18975.8,-188565.1,12874,12603,470880.1,1
"157",3140000,298.2,-195.6,-124514.8,28558.6,-153073.4,719.9,1990.4,3084.1,858.7,9609,18609.3,-187945.1,13096.9,15091.6,472367.1,1
"158",3160000,297.5,-40.5,-124444.3,28500.3,-152944.6,764.5,2013.7,3087.2,861.5,9598.1,18752.9,-188022.9,12878.3,13291.3,472685.1,1
"159",3180000,298.4,-25.6,-124337.7,28583.3,-152921,728.6,2042.6,3051.7,861.6,9610.2,18594.5,-187810.5,12939.5,13199.8,471386.1,1
"160",3200000,296.6,-131.4,-124564.9,28410.7,-152975.6,758.6,2044.3,3092.9,870.1,9663.1,18711.3,-188116.4,12896,14233.9,471726.4,1
"161",3220000,298.1,100.7,-124470.4,28557.5,-153027.9,774.5,2000.5,3046.7,844.4,9645.4,19183.8,-188523.4,12884.3,11859.3,471393.3,1
"162",3240000,295.7,-69.1,-124678.3,28324.8,-153003.2,695.9,2011,3044.2,873.7,9655.7,18882.5,-188166.5,12772,13475.8,472041.5,1
"163",3260000,298.2,-62.3,-124407.5,28565.2,-152972.8,752.1,2052.7,3090.8,834.4,9612.1,19068.9,-188384,12956.5,13591.5,472245.6,1
"164",3280000,296.7,-156.9,-124546.3,28416,-152962.4,760.6,2016,3065,837.2,9600.1,18663.9,-187905.4,12962.2,14561.2,472094.7,1
"165",3300000,297.1,29.2,-124458.6,28459.9,-152918.5,724.2,2035.7,3024.2,881.8,9615.6,19123.9,-188324.3,12873.3,12575.5,472376.8,1
"166",3320000,297.1,-105.9,-124439.6,28460.8,-152900.5,738.8,2041.4,3102,870.9,9577.2,18753.9,-187984.9,12795.7,13874.6,471671.1,1
"167",3340000,297.6,48.6,-124358.8,28504.2,-152863.1,750.3,1971.6,3061,840.9,9649.4,19105.4,-188242.1,12919.6,12424.6,471673.9,1
"168",3360000,298.8,-201,-124702,28617,-153319,730.3,2018.2,3073.7,865.7,9642.2,18755.1,-188404.6,13032,15077.1,471344.4,1
"169",3380000,299.5,167.8,-123754.7,28688.2,-152443,735.6,2013.8,3049.6,879.2,9600.8,18837.1,-187559.5,12956.2,11243.6,472744.9,1
"170",3400000,298.1,59,-124176,28554.8,-152730.9,758.1,2048.9,3075,834.1,9588.3,18829.2,-187864.8,13063.1,12461.2,472401.8,1
"171",3420000,297.2,60,-124757.4,28466.9,-153224.4,732.7,2021.3,3079.1,855.6,9645.2,19043.4,-188602,12903.4,12292.1,472060.8,1
"172",3440000,296.6,-78.2,-124260.8,28413.6,-152674.4,726.7,2040.7,3071.8,856.9,9661.3,18575.7,-187607.9,12778.7,13575.7,471949.5,1
"173",3460000,296.7,51.2,-124460.3,28421.3,-152881.7,712.6,1977.6,3079.2,894.2,9689.2,18926.1,-188161,12891.6,12369.1,472532.6,1
"174",3480000,295.9,-3,-124665.5,28340.3,-153005.8,745.4,2013.2,3088.1,875.5,9695.8,18670.1,-188094.3,12752.7,12783.5,471811.4,1
"175",3500000,297.3,-48.7,-124118.3,28476.4,-152594.7,772.1,1962,3060.3,881.1,9684.5,18745.4,-187700.4,12944.5,13441.5,472243.8,1
"176",3520000,297.1,128,-124544.5,28461.5,-153006,724.8,1964.5,3027.1,842.7,9607.8,18770.1,-187943.3,12934.4,11632.3,471018.2,1
"177",3540000,297.9,121.3,-124723.9,28532.7,-153256.6,712.5,2024.5,3057.6,845,9616.7,19141.5,-188654.6,12868.3,11631.8,471938.6,1
"178",3560000,296.5,-86.7,-124636.8,28400.2,-153037.1,782.2,2021.1,3037.2,834.1,9658.6,18899.6,-188270.1,12853,13737.7,472841.3,1
"179",3580000,298.4,55.3,-124614.5,28579.7,-153194.3,756.8,2010.9,3080.3,838.1,9628,18958.8,-188467.5,12957.2,12394.1,471762.4,1
"180",3600000,298,-62.4,-124440.4,28541.4,-152981.9,711,2027.1,3068.9,894.7,9632.9,18807.2,-188124,12922.6,13559.1,472655.3,1
"181",3620000,297.7,-46.1,-124291.6,28518.1,-152809.7,778.2,2051.9,3064.1,866,9651.6,18889.3,-188111,12899.7,13370.1,472755.7,1
"182",3640000,296.6,38.6,-124276.3,28410.2,-152686.5,756.4,2015.7,3059.3,848.9,9652.4,18899.8,-187919.3,12886.9,12493,472601.2,1
"183",3660000,298.9,-32.4,-124428.5,28631.2,-153059.7,754.4,2025.8,3047.9,853.3,9666.8,18838.2,-188246.2,13042.4,13373.4,472673.5,1
"184",3680000,300.1,94.7,-123861.7,28745.6,-152607.4,736.8,2016.2,3064.5,841.4,9621.3,18900.8,-187788.7,13092.5,12125.8,472557.2,1
"185",3700000,295.4,206.7,-124644.1,28297.6,-152941.7,711.1,2014.5,3055.8,857.7,9592.8,18966.2,-188140.1,12798,10695.5,471137.9,1
"186",3720000,297.9,-24,-124624.2,28533.2,-153157.5,755.8,2036.2,3076.7,864.5,9608.7,18728.6,-188228.3,12988.6,13233.4,471512.8,1
"187",3740000,295.3,-170.7,-124791.2,28285.6,-153076.9,721.6,2040.8,3073.4,857.8,9625,18747.3,-188143.1,12728.5,14465.3,471168.4,1
"188",3760000,295.9,102.6,-124702,28345,-153047.1,738.9,2033.2,3080.3,865.1,9639.2,19034.5,-188438.6,12741.8,11695.2,472514.8,1
"189",3780000,298.7,-9.5,-124320.7,28612.6,-152933.3,725.8,2018.2,3079.6,853.6,9669.8,18903.8,-188184.4,13074.4,13171.1,472120,1
"190",3800000,299.2,-79.4,-124576.4,28657.7,-153234.2,728.8,2007.2,3055.6,877.7,9665.5,18884.8,-188453.9,13070,13880.6,472747.4,1
"191",3820000,297.6,-76.5,-124131.2,28506.9,-152638.2,762.8,2023.3,3045.5,865.1,9638.2,18734.7,-187708.1,12780.4,13560.5,472321.4,1
"192",3840000,297.7,-29.5,-124496.6,28510.6,-153007.2,734.3,2024.9,3080.3,859,9633.7,18954.4,-188294.2,13011.7,13312.3,471448.8,1
"193",3860000,296.6,-205.8,-124846.3,28407.5,-153253.9,731.3,2051.3,3091.6,880.2,9718.9,18641,-188368.5,13035.8,15130.9,471476.4,1
"194",3880000,298.2,28.6,-124395.7,28565,-152960.7,742.6,2019.2,3048.7,883.5,9704,18844.8,-188203.9,12978.6,12687.1,471490.9,1
"195",3900000,296.7,-104.4,-124222,28422.4,-152644.4,741.2,2091.6,3063.8,860.6,9591.1,18737.3,-187730.3,12830.9,13895.9,472512.6,1
"196",3920000,299.8,96.6,-124397.1,28718.8,-153115.9,757,2033.7,3073.7,867.1,9671.9,19058.8,-188578.5,13015.7,12032.2,471717.7,1
"197",3940000,296.1,38.4,-124417.3,28358.6,-152776,770,2006.9,3060.9,863.7,9744,18726.2,-187948,12943.7,12551.8,472951.2,1
"198",3960000,297.6,4,-124475.1,28501.8,-152977,718.6,2053,3050.9,846.4,9668.3,18838.9,-188153.4,12982.6,12942.2,471258.5,1
"199",3980000,297.4,-28.4,-124455.7,28484.5,-152940.2,752.8,2045.4,3053,837.8,9638.7,18801.4,-188069.6,12888.9,13178.6,471853.4,1
"200",4e+06,298.5,-274.1,-124567.1,28591.2,-153158.4,731.3,2074.9,3082,880.1,9653.2,18708.6,-188288.7,13010.8,15806.2,472367.3,1
"201",4020000,298.2,-53.9,-124692.9,28559,-153251.9,691.3,1997.8,3075.6,867.6,9673.4,18917,-188474.8,12973.8,13523.2,472161.5,1
"202",4040000,300.4,-142.5,-124171.7,28776,-152947.7,732.4,2052.7,3041.3,872.6,9672.5,18586.7,-187906.1,12996.9,14450.5,472286,1
"203",4060000,296.6,-2.6,-124555.3,28405.1,-152960.4,790.5,1992.9,3094.6,851.4,9615.7,18832.7,-188138.6,12778,12804.9,472589.4,1
"204",4080000,299.2,109.7,-124397,28655.1,-153052.1,721.5,2005.6,3056.4,862.7,9653.6,18965.6,-188317.7,12917.2,11802.6,470737.6,1
"205",4100000,298.8,14.6,-124097.9,28625.1,-152723,754.7,2032.8,3050.5,844.9,9547.3,18804.8,-187758.3,12917.7,12769.2,472177.4,1
"206",4120000,300.7,102.7,-124138.9,28800.7,-152939.6,756.1,1992.9,3057.6,866.9,9651.5,18849,-188114,13052.3,12004.7,472500.7,1
"207",4140000,298.9,-6.6,-124241.1,28626.6,-152867.8,780.8,2011.4,3074.4,851.9,9615.7,18893.3,-188095.6,12938.2,13005.3,470980.7,1
"208",4160000,300.1,87,-124237.7,28743.4,-152981.2,716.2,2023.7,3053,887.4,9693.6,19034.3,-188389.7,12980.9,12093.8,472326.4,1
"209",4180000,298.7,-19.6,-124763.7,28612.3,-153376.1,759.8,1955.8,3045.1,844.8,9690.2,18958.2,-188630.3,12972.5,13171.7,471867.9,1
"210",4200000,297.7,234,-124345.9,28518.1,-152864.1,722.1,2010.5,3054.9,845,9718.2,18891.1,-188106.2,13019,10636.4,471532.3,1
"211",4220000,296,12,-124901.1,28352.6,-153253.7,757.2,2031.1,3080.5,859.2,9663.1,19090.9,-188736,12858.7,12736.6,472188.4,1
"212",4240000,299.2,90.6,-124147.4,28660.4,-152807.9,711.2,2000.1,3081.4,875.4,9723.7,18909.1,-188109.2,13057.8,12133.6,472237.6,1
"213",4260000,297.8,177.2,-124428.1,28528.4,-152956.5,759.5,2064,3067.6,867.1,9678.5,19243.5,-188637.1,12794.2,10988.5,471997.1,1
"214",4280000,298.7,-136.5,-124322.7,28609.3,-152932.1,782.7,1997.2,3068.9,837,9616,18616.1,-187850.2,13061.7,14453,471976.9,1
"215",4300000,297.6,47.4,-124569.1,28505.5,-153074.7,752.7,1994.8,3087.6,877.2,9693.8,19099.3,-188580.4,12991.3,12509,471520.9,1
"216",4320000,299.8,169.2,-124512.1,28717.5,-153229.6,760.4,2017.2,3046.6,852.5,9638.9,19193.3,-188738.9,13053.1,11329.1,471797.6,1
"217",4340000,297.8,-99.8,-124108,28525.3,-152633.4,723.2,2072.1,3042.6,880.9,9642.8,18921,-187916.3,12904.3,13923.6,472854.5,1
"218",4360000,298.9,86.4,-124342.3,28634.4,-152976.8,798.6,2002.5,3083.8,850.9,9592,18791.8,-188096.8,13008.9,12129.1,471858.7,1
"219",4380000,298.1,59.9,-124229.9,28557.7,-152787.7,749.9,2025.5,3046.3,860.2,9669.6,18912.9,-188052.4,12883.3,12272.9,471743.5,1
"220",4400000,297.6,-33.5,-124408.7,28509.5,-152918.2,698.5,2052.2,3035.7,862,9644.4,18807.9,-188019.2,12919,13259.9,471747.6,1
"221",4420000,299.3,-205.1,-124331.8,28666.5,-152998.4,724.5,2025.3,3073.7,853.7,9670.3,18628.9,-187975.1,12941.6,15032.1,472167.5,1
"222",4440000,299.1,88.7,-124542.7,28647.9,-153190.7,758.5,1950.4,3069.5,859.7,9709.7,19218.4,-188757.2,12866.6,11961.6,472417.7,1
"223",4460000,296.4,-110.7,-124627.1,28393.7,-153020.9,752,1971.4,3114.7,876.6,9619,18988.8,-188343.7,12945.8,14073.7,471901.4,1
"224",4480000,301,107.9,-123739.4,28826.9,-152566.3,750.2,2091.8,3067.7,862.1,9626,18890.1,-187854.4,13086.4,11986.1,472294,1
"225",4500000,298.8,37.6,-124141.8,28619.5,-152761.4,725.1,2022,3041.3,850.5,9639,18758,-187797.6,13041.2,12658.4,471849.1,1
"226",4520000,298.6,42,-124134.2,28596.7,-152731,770.5,1989.6,3060.9,851,9639.9,18936.9,-187980.1,12961.4,12532.9,472966.3,1
"227",4540000,298.3,148.4,-124425.8,28568.9,-152994.8,786.9,2004.7,3042.7,858.4,9604.8,18852,-188144.4,12934.9,11424.1,471585.5,1
"228",4560000,296.5,149.1,-124687.6,28397,-153084.6,769.8,1963.9,3076.3,857.7,9605,19183.5,-188541.2,12917.5,11400.2,471265,1
"229",4580000,297.9,-65.7,-124448.7,28535.9,-152984.7,740.5,1983.8,3056.1,853.9,9675.6,18765.8,-188060.7,13002,13670.7,471676.2,1
"230",4600000,299.2,-276.5,-124154.9,28659.5,-152814.5,726.4,2051.6,3067.4,862.8,9645.9,18625.6,-187794.5,12933,15751.9,472173.4,1
"231",4620000,296.7,134.1,-124289.7,28418.7,-152708.4,746,2056.1,3066.4,853.7,9605.1,18911.2,-187947.2,12897.9,11530.8,472025.5,1
"232",4640000,296.3,-140,-124448.8,28382.4,-152831.2,737.7,2062,3054.3,853.2,9645.2,18784.9,-187968.8,12804.7,14230,471602.3,1
"233",4660000,296.6,-48.4,-124668.9,28410.7,-153079.6,725.9,2044.3,3038.2,857.8,9613.3,18881.3,-188240.7,13054.5,13547.4,471971.3,1
"234",4680000,298.2,-73.6,-124671.8,28558.9,-153230.7,731.5,1965.1,3043.6,867.8,9614.2,18916.4,-188369.7,12922.9,13673,471913.9,1
"235",4700000,298.4,62.2,-124457.5,28584.9,-153042.5,771.4,1989.8,3048.5,850.2,9646.7,18804.5,-188153.8,12972.9,12339.5,471846.8,1
"236",4720000,300.3,5.4,-124148.1,28767,-152915.1,755.4,1964.3,3059.4,856.9,9691.1,18859.7,-188102.1,13058.4,13002.9,473512.5,1
"237",4740000,295.8,113.8,-124787.1,28332.9,-153120,725.9,2055.4,3049.9,856.1,9663.1,18975,-188445.7,12860.3,11700.8,471879.1,1
"238",4760000,296.8,-76.2,-124508.8,28425.7,-152934.5,755.6,2012.7,3062.1,845.2,9695.3,18709.5,-188015.2,12903.5,13680.9,472752.2,1
"239",4780000,296,88.8,-124535.2,28348.9,-152884.2,751.6,2054.1,3029,853.4,9591.2,19109.6,-188273.4,12920.2,12016.3,471295.4,1
"240",4800000,297.1,78.2,-124369.2,28453.1,-152822.3,742.5,1959.7,3058.9,849.7,9633.9,18801.7,-187869.1,12847.1,12051.7,471339.9,1
"241",4820000,296.7,125.7,-124379.6,28422.2,-152801.8,761.8,2068.2,3050.2,862.4,9648.3,18921.4,-188114.5,12905,11621.9,472859.3,1
"242",4840000,298.6,25.9,-124242.8,28605.3,-152848.1,762.9,1987,3082.9,857.9,9606.3,18655.1,-187800.5,12903.6,12639.8,471842.4,1
"243",4860000,296,52,-124741.6,28354.7,-153096.4,762.1,1986.3,3072.4,842.2,9622.2,19089.5,-188471.3,12903.9,12374.1,471557.4,1
"244",4880000,299.1,-11.7,-124452.9,28645.3,-153098.2,752.8,1999.3,3079.1,855.8,9653.9,18715.5,-188154.9,13060.3,13179.5,471510,1
"245",4900000,296.2,120,-124842.5,28369.3,-153211.8,748.9,2062.6,3069.1,843.3,9587.1,19139.4,-188662.5,12927.2,11706.5,471253.8,1
"246",4920000,298.2,-162.1,-124374.4,28567.7,-152942.1,764.1,1926.3,3084.8,866.5,9667,18803.9,-188054.9,12959.8,14614.6,472727.5,1
"247",4940000,297.6,4.3,-124353.3,28507.7,-152861,788.3,2028.2,3058.4,863.1,9608.3,19028.7,-188236.4,12991,12947.3,471763.5,1
"248",4960000,299,-143.6,-124439.4,28636.5,-153075.9,743.1,1994.3,3097.9,865.1,9609.8,18890.1,-188276.6,12976.7,14440.4,472136.8,1
"249",4980000,297.5,163.7,-124219,28492,-152711,790.1,1992.6,3071.7,881.3,9576.7,18954.3,-187978,12868.1,11200.1,471774.8,1
"250",5e+06,298.6,187.5,-124573.9,28602.5,-153176.4,744.2,1993.2,3040.6,851.5,9606.7,19146.5,-188559.5,12986.6,11076.7,471876.8,1
"251",5020000,298,-121.7,-124455.1,28541.2,-152996.4,718.7,1995.9,3027.2,858.2,9612.7,18593.4,-187802.9,13002.1,14239.6,470915.6,1
"252",5040000,294.8,7.1,-124586.6,28236.7,-152823.3,773.5,2033.1,3018.7,845.5,9550,18733.1,-187777.4,12924,12851.5,471294.2,1
"253",5060000,299.7,31.6,-123929.2,28702.7,-152631.9,752.7,2118.6,3101,860.9,9613.5,19041.2,-188120.2,13073.2,12750.9,471874.4,1
"254",5080000,298.9,-200.9,-124189.2,28628.6,-152817.8,740.5,2003.7,3079,866.9,9654.4,18562.9,-187725.6,12979.7,15030.3,472696.2,1
"255",5100000,295.3,14.6,-124788.6,28287.2,-153075.8,702,2022.6,3086.6,872.9,9681.7,19165.5,-188607.6,12820.3,12671.2,472760.9,1
"256",5120000,297.6,-271.7,-124393.2,28501.8,-152895.1,742.9,2031.7,3050.2,880.9,9615.9,18440,-187656.8,12901,15660.1,470336.3,1
"257",5140000,299.2,-72.6,-123915.3,28659.7,-152575.1,703.7,1978.1,3077,867.2,9681.5,18799.9,-187682.7,12971.1,13711.5,472709,1
"258",5160000,298.6,100.7,-124265.2,28604.7,-152870,774.1,2031.7,3054,854.7,9591.3,18884.7,-188060.7,12944.7,11917.9,472351.4,1
"259",5180000,298.3,-42.1,-124441.2,28568.2,-153009.5,725.3,2011,3070.9,871.4,9692.9,18835.6,-188216.8,13066.1,13495.3,471968.2,1
"260",5200000,298,-42.7,-124674.4,28546,-153220.4,748.8,2027.1,3037.4,855,9624,18881.5,-188394.5,12805.6,13239.3,470897.9,1
"261",5220000,302.4,11.4,-124221.1,28969.3,-153190.4,749.5,1985,3055.6,871.6,9624.7,18910.9,-188388.1,13093.6,12977.9,471234.5,1
"262",5240000,296.3,-5.2,-124404.1,28383.3,-152787.4,740.4,2011.6,3070.9,849.8,9589.5,18933.3,-187983.1,12820.2,12873.1,471599.6,1
"263",5260000,299.2,-21.8,-124475.1,28656.4,-153131.6,784.7,2034.9,3036,869.7,9608.8,18831.2,-188297.3,13052.7,13274.2,471442.5,1
"264",5280000,296.9,-78.1,-124387.6,28436.2,-152823.9,734.8,1987,3038.1,862.3,9641,18701.1,-187788.5,12878,13674.9,472637.8,1
"265",5300000,297.4,37.1,-124583.1,28491.1,-153074.2,728.8,2041.3,3048.5,865.8,9616.8,18967.4,-188343,12933.3,12555,472223.2,1
"266",5320000,298,-90.7,-124474.9,28545.7,-153020.7,771.4,2000,3044.3,867.9,9618.9,19091.3,-188414.8,12873.7,13797.7,471841.8,1
"267",5340000,294.8,103.8,-124450,28235.9,-152685.9,791.5,2123.7,3060.4,836.6,9628.8,18862.8,-187990.2,12868.1,11811.1,471679.2,1
"268",5360000,298.4,-47.9,-124715.7,28579.6,-153295.3,718.5,1932.5,3099.8,854.8,9597.7,18970,-188468.8,12897.2,13385.4,471571.6,1
"269",5380000,299.9,67.3,-123973.3,28727.3,-152700.7,763.7,1966.5,3075,871.3,9642.3,18845.8,-187865.6,13017.5,12331,472488.3,1
"270",5400000,295.6,149.7,-124553.8,28309.5,-152863.3,721.8,2009.7,3046.5,860.1,9627.4,19096.5,-188225.6,12768.9,11243.9,471908.9,1
"271",5420000,297.8,-90.3,-124302.6,28521.1,-152823.8,741.1,1997.2,3028.2,843.1,9610.9,18475.1,-187519.8,12974.7,13893,470985,1
"272",5440000,297.5,-135.4,-124271.8,28496.7,-152768.5,734.4,1998.5,3047.5,865.7,9573.7,18802,-187790.6,12913.9,14292.8,471683,1
"273",5460000,297.8,152.3,-124428.7,28523.1,-152951.8,778.5,2054.1,3021.8,832.6,9566.1,19175.6,-188380.9,13001.7,11451.1,471598.2,1
"274",5480000,299,30.7,-124373.5,28638.6,-153012.2,772.5,2118.9,3057.9,833.9,9483.7,18844.3,-188123.7,12840.6,12527.8,471842,1
"275",5500000,295.2,13,-124465.8,28278.9,-152744.7,721.4,2014.4,3072.6,879.7,9635.8,18909.2,-187978.2,12744,12611.1,473206.3,1
"276",5520000,300.3,86.3,-124089.7,28762.6,-152852.4,748.5,2013.1,3035.8,846.9,9572,18851.7,-187920.6,13017.2,12136.2,472570.4,1
"277",5540000,299.7,-69.1,-124505.1,28706.6,-153211.8,749.5,1947.2,3036.5,871.6,9583.6,18867.3,-188267.8,12835,13539.1,471778.4,1
"278",5560000,296.7,-205.8,-124482.3,28417.9,-152900.3,752.1,2013.1,3049.2,883.6,9648.1,18401.3,-187647.9,12996.9,15094.7,472003.1,1
"279",5580000,298,-64.5,-124278.7,28544.7,-152823.5,736,2024.6,3060.6,858.2,9554,18630.6,-187687.8,13093.2,13750.9,472320.1,1
"280",5600000,298,-103.1,-124435.7,28540.3,-152976.1,729.5,2011.9,3091.7,851.2,9549.3,18754.5,-187964.5,12904.3,13954,471594.5,1
"281",5620000,295.2,80.3,-124427,28272.5,-152699.6,764.6,2004.1,3079,879.8,9573.5,18780.5,-187781.4,12796.4,11978.6,471817.4,1
"282",5640000,300,-161.3,-123876.4,28733.5,-152610,731.9,2016.8,3065.3,875.9,9615,18504.2,-187419.4,12992.8,14637.3,472155.7,1
"283",5660000,297.9,16.8,-124422,28530.5,-152952.6,735.5,1985.7,3068.8,867.2,9582.8,18884.1,-188077.1,12934.2,12762.6,472249.7,1
"284",5680000,299.4,50.9,-124289.6,28680.1,-152969.8,787,2003.3,3062.8,850.7,9649.9,18886.2,-188210.1,12919.1,12400.7,472072.2,1
"285",5700000,298.9,-118.6,-124404.1,28630.1,-153034.2,754.2,1985.8,3045.1,856.7,9611.5,18790.3,-188078.2,13001.1,14208,471357.9,1
"286",5720000,298,118.4,-124446.5,28540.3,-152986.9,752.2,1979.1,3055.2,869,9660.7,18875.5,-188178.9,12830.9,11624.1,472130,1
"287",5740000,299.5,-148.1,-124532.4,28686.9,-153219.4,734.6,2055.7,3049.2,868.7,9591.2,18960,-188479.1,12946.1,14452.3,470918.5,1
"288",5760000,297.1,93.7,-124329.1,28458.8,-152788,706.2,1975.4,3066.3,879.8,9639.6,18965,-188020.6,12786.4,11832.3,471784,1
"289",5780000,297.9,-99.3,-124525.5,28538.9,-153064.5,757.2,2011.1,3083.6,829.9,9554.6,18928.8,-188229.8,12877.5,13887.3,471132.4,1
"290",5800000,294.4,53.5,-124901.5,28198,-153099.5,763.3,2038.7,3009.4,877.7,9595,19095.9,-188479.9,12834.9,12290.3,471053.9,1
"291",5820000,300.3,-138.7,-124382.3,28764.2,-153146.6,750.6,2019.6,3055.6,849.8,9580.1,18912.1,-188314.6,12991,14403,471568.8,1
"292",5840000,296.2,57,-124580.7,28367.1,-152947.8,740.2,1976.6,3072.5,857.3,9557.1,18990.8,-188142.5,12783.6,12203.5,471565.6,1
"293",5860000,298.4,65,-124468.9,28582.8,-153051.7,762.3,2030.3,3072.8,852.6,9618.9,18964.8,-188353.7,12958.5,12295.9,472507.3,1
"294",5880000,299.6,-98.9,-124078.2,28693.1,-152771.3,771.4,2080.4,3039.7,852.9,9565.1,18521.7,-187602.8,13065,14074.6,472798.5,1
"295",5900000,297.5,-193.4,-124458.3,28493.8,-152952.2,737.5,1991.4,3043.1,855.8,9579.9,18498.7,-187658.9,12769.2,14737.5,471276.4,1
"296",5920000,297.4,-185.5,-124248.3,28486.4,-152734.7,749.7,2034.2,3077.1,872.8,9646.9,18702.4,-187818.2,12797.9,14687.4,471798.8,1
"297",5940000,301.5,-99.6,-124118,28877.9,-152996,744.2,1986.6,3061.1,869,9677.4,18582.2,-187916.7,12991,14005.7,471609.5,1
"298",5960000,298.3,-206.9,-124267.9,28570.7,-152838.7,752.9,2021.1,3071.2,878.2,9622.8,18559.2,-187744.4,12964,15074.8,472396.4,1
"299",5980000,298.2,-73,-124494.6,28566.3,-153060.9,774,1997.5,3041.5,848.3,9627.5,18867.1,-188217.1,12982.4,13725.7,471403.3,1
"300",6e+06,298.6,24.1,-124297.9,28604.3,-152902.3,740.3,2011.4,3018,858.8,9674.5,18890.8,-188096.5,13002.2,12756.3,472290.1,1
"301",6020000,294.8,12.6,-124918.3,28233.6,-153151.9,766.6,2073.6,3069.3,850.7,9627.6,19060.4,-188600.5,12726.4,12598.1,470589.6,1
"302",6040000,296.4,99,-124604.6,28393.5,-152998.2,730.1,2077.7,3078.6,850.5,9608.1,18998.3,-188341.8,12741.9,11734.3,471528.5,1
"303",6060000,299.5,67.1,-124461.1,28685.9,-153147.1,771.5,2001.7,3047.5,865,9560.7,19049,-188442.6,12937.8,12254.7,471348.4,1
"304",6080000,297.4,133.7,-124499.2,28490.3,-152989.6,762.4,2013.8,3046.2,875.3,9639.7,19105.3,-188432.5,12910.8,11549,471916.5,1
"305",6100000,296.7,-70.1,-124674,28423.9,-153097.9,755.8,2022.2,3080,862.3,9599.9,18816.3,-188234.6,12871.9,13586.9,472212.1,1
"306",6120000,298.9,-109.3,-124226.2,28628.5,-152854.7,724.7,2026.8,3082.2,848.5,9618.4,18700.7,-187856.2,12982.2,14096.1,472131.8,1
"307",6140000,297.4,6.3,-124577.6,28485.8,-153063.4,755.6,1970.9,3089.6,850.7,9572.5,18965.2,-188268.3,12960.8,12896.9,471533.2,1
"308",6160000,298.3,-115.5,-124866,28576.4,-153442.5,744.8,2018.8,3047.3,845.5,9589.8,18659.7,-188348.6,13058.1,14233.7,471259.3,1
"309",6180000,299.8,-35,-124133.8,28713.1,-152847,702.6,1978.4,3041.2,854.7,9612.3,18719.3,-187755.9,12989,13346.8,473111,1
"310",6200000,296.7,-111.9,-124577.6,28415,-152992.6,747.7,2046,3034.6,864.6,9606.7,18786.2,-188078.9,12893.7,14033.7,471895.6,1
"311",6220000,296.3,-68.9,-124508.1,28385.6,-152893.7,761.6,2005.9,3071.1,843.2,9552.2,18844.4,-187972.4,12885.6,13588.1,472553.9,1
"312",6240000,295.5,-62.2,-124635.5,28302.6,-152938.2,736.2,1978.2,3067.4,861.2,9647,18873.5,-188101.9,12806.9,13439.7,471093.6,1
"313",6260000,296.8,168.5,-124574,28431.5,-153005.6,747.8,2022.5,3077.5,860.5,9600.9,19309.4,-188624.6,12876.2,11157.9,472323.1,1
"314",6280000,298.3,-61.5,-124560.9,28577,-153138,704.4,2052.7,3056.6,881.6,9545.9,18805.5,-188185,12946.1,13573,472336.1,1
"315",6300000,297.8,151.3,-124530,28522.1,-153052.1,728.4,1941.6,3058.3,832.5,9580.2,19080.4,-188273.8,12918.8,11378.8,471495.3,1
"316",6320000,295.6,18.2,-124619,28312,-152931,752,2000,3054.5,846.8,9551.3,18982.1,-188118,12883.4,12698.2,472272.3,1
"317",6340000,299.3,-72,-124292.2,28665,-152957.2,742.7,1978.1,3061.9,851.1,9623.3,18587.1,-187801.7,12935.9,13668.7,471402,1
"318",6360000,297,68.8,-124180.5,28451.2,-152631.8,720,2060.4,3071,841.9,9616.6,18888.2,-187830.2,12872.3,12171,472394.7,1
"319",6380000,297.9,-77.7,-124549.1,28537.9,-153087,753.8,1988.1,3066.9,871.1,9639.4,18775.1,-188181.7,13036.1,13826.6,470995.5,1
"320",6400000,297.2,39.1,-124540.4,28466.2,-153006.6,752.9,1976.3,3075.5,845.3,9626.7,18871.5,-188155.2,12902.5,12504.1,471909.4,1
"321",6420000,300.4,67.9,-124030.1,28769.5,-152799.6,802,2047.2,3062,861.8,9621.4,18864.2,-188058.6,13035.5,12342.3,472673,1
"322",6440000,297.7,89.7,-124184.6,28518.6,-152703.2,733.4,2053.8,3076.6,865.6,9607,19017.3,-188057.3,13020.8,12106.4,472055.2,1
"323",6460000,300.7,188.2,-124290.3,28802,-153092.4,781.7,2027.4,3058,831.4,9595.8,19145.9,-188532.9,13081.4,11165,471747.7,1
"324",6480000,296,-46,-124670.5,28349.2,-153019.8,760.1,1969,3076,863.6,9620.5,18960.1,-188269.5,12910.6,13378.3,471407.4,1
"325",6500000,298.2,-83.4,-124389.6,28559.3,-152948.9,746.9,2014.1,3071.2,861.5,9665.2,19004.5,-188312.7,12868.3,13716.3,471208,1
"326",6520000,298.2,148.6,-124500.1,28561.3,-153061.5,764.8,2044.9,3078.8,870.4,9635,19238.1,-188693.8,12990.7,11477.6,471511.5,1
"327",6540000,296.7,48.2,-124403,28415.9,-152818.9,757.8,2035.1,3053.9,869.8,9626.2,18872.2,-188034.2,12854.2,12363.5,471253.3,1
"328",6560000,294.1,108.8,-124934.6,28172.7,-153107.3,727.9,1958.1,3095.2,857.5,9545.1,19161.2,-188452.6,12794.9,11688.6,471053.5,1
"329",6580000,297.7,-130.7,-124278.7,28519.6,-152798.4,754.6,1981.5,3049.5,867.1,9577,18676.1,-187704.5,12957.2,14288.7,471885.6,1
"330",6600000,295.2,-150.8,-124715.6,28278.7,-152994.4,760.2,1951.8,3032,850.7,9612.7,18931.2,-188133.3,12808.5,14342.9,471158.7,1
"331",6620000,296.7,-160.5,-124188.3,28416.7,-152605,708.8,2053.1,3063.5,855.7,9561.2,18856.9,-187704.6,12871,14509.9,472815.3,1
"332",6640000,298.4,-102.1,-124341.9,28579.5,-152921.5,758.6,2025.7,3069,867.8,9633.4,18776.1,-188052.4,12960.3,14002.4,472736.9,1
"333",6660000,296.1,103.5,-124427.7,28362.7,-152790.5,763.6,2039.6,3041,848.9,9581.6,18886.1,-187951.6,12825.4,11771.6,471463.8,1
"334",6680000,298.6,96,-124330.4,28601.4,-152931.9,740.6,2044.5,3037.1,843,9635,19046.7,-188279,13039,12059.4,472435.1,1
"335",6700000,298,84.5,-124462.8,28539.2,-153002,709.1,2025.1,3065.5,876.9,9622.3,18951.6,-188252.7,12856.3,11995.5,471899.2,1
"336",6720000,299.6,-58.9,-124187.5,28699.5,-152887.1,752.2,2005.4,3088,853,9561.8,18896.3,-188044.2,12941.4,13541.9,472056.4,1
"337",6740000,297,-243.8,-124221.6,28452.1,-152673.7,751.5,1996.2,3030.4,873.3,9706.2,18567.6,-187599.2,12810.1,15295.3,472103.5,1
"338",6760000,296.9,127,-124754.6,28439.2,-153193.9,746.6,2009.5,3031.2,870.1,9627,19261.9,-188740.4,12962,11671.3,470830.6,1
"339",6780000,295.8,30.7,-124742.5,28334.9,-153077.5,745.8,2051.7,3034.4,871.3,9662.2,19011.2,-188454.3,12783.7,12471.7,471346.8,1
"340",6800000,296.8,-16,-124492.8,28430.6,-152923.4,774.1,2054.1,3050.8,863,9640.1,18855.6,-188161.4,12836.2,12999.1,472169.5,1
"341",6820000,297.8,65.8,-124290,28527.1,-152817.1,736,2062.6,3069.5,864,9579.4,19088.4,-188217.2,12879.1,12208.4,472076.5,1
"342",6840000,297.6,-132,-124702.8,28507,-153209.8,735.9,1981.2,3057.3,865.5,9590.6,18888.6,-188329.2,12932.7,14276,471437.9,1
"343",6860000,297.3,25.8,-124669.7,28478.5,-153148.3,717.3,2044.3,3046.7,858.4,9590,19092.4,-188497.7,13036.4,12773.9,471673.9,1
"344",6880000,296.8,52.7,-124564.5,28430.1,-152994.6,754.6,1967.3,3039.9,862.6,9534.8,18906.7,-188060.9,12726.9,12189.7,471861.8,1
"345",6900000,299.8,-77.1,-124359.4,28713.1,-153072.6,777.9,2022,3051.3,861.7,9558,18804.3,-188148.1,13121.4,13905.4,470821.2,1
"346",6920000,296.9,150.4,-124522.8,28436.9,-152959.7,754.9,2128,3061.3,862.3,9583.4,19292.1,-188642.1,12896.7,11365.6,471470.8,1
"347",6940000,299.2,119,-124445.9,28658.9,-153104.8,741.4,1983.4,3048.8,847.5,9550.8,19173.6,-188450.7,13039.4,11828.9,471286.4,1
"348",6960000,298.9,-55.2,-124780.7,28629.6,-153410.3,739.4,1952.2,3023.9,838.3,9594.1,18996.2,-188554.8,12940.4,13502.9,471832.4,1
"349",6980000,296.8,-102.9,-124727.4,28428,-153155.5,710.3,1973,3050,863.5,9633.3,18705.2,-188091.1,12907.9,13956.6,472096.7,1
"350",7e+06,297.3,-28.7,-124511.5,28477,-152988.6,777.1,1985.6,3036.4,837.4,9550.3,18672.4,-187848,12923.8,13216.5,472623.6,1
"351",7020000,297.2,-50.2,-124547.1,28468.7,-153015.8,708.3,1991.1,3067.9,861.7,9551.1,18908.6,-188104.8,12836.9,13348.4,471781.7,1
"352",7040000,297.6,-7.9,-124157.2,28503.4,-152660.6,776.6,2023.1,3082.7,872,9629.8,18715.6,-187760.7,12871.3,12951.3,471820.5,1
"353",7060000,297.3,-84.5,-124410.9,28475.6,-152886.6,755.3,2049,3066.2,856.4,9552.3,18845.7,-188011.9,12885.1,13746,471641.3,1
"354",7080000,297,58,-124453.2,28448.7,-152902,764.3,1988.2,3087.7,851.1,9569.1,18786.4,-187949.1,12988.7,12398.6,471548.7,1
"355",7100000,298.2,69.2,-124105.3,28565.4,-152670.7,760.2,2028.2,3067.3,864.9,9637.2,18854.5,-187883.4,13036,12328.8,473283.8,1
"356",7120000,300.1,-53.1,-124193.7,28742.5,-152936.2,762.6,2021.8,3070,856.7,9577.7,18706.4,-187931.7,13018.9,13560,471985.2,1
"357",7140000,296,-164.2,-124915.6,28349.5,-153265.2,707,1991.9,3061.5,863.7,9646,19027.5,-188563,12939.7,14614.7,472394.9,1
"358",7160000,299,84.4,-124175.1,28641.3,-152816.5,747.7,1949.4,3069.1,836.1,9597.8,18826.9,-187844,12995.7,12132.9,473591.9,1
"359",7180000,301.3,29.2,-124033.7,28857.5,-152891.2,764.8,1990.7,3087.4,841.1,9580.4,18813,-187968.8,12944.7,12647.6,471764.7,1
"360",7200000,299.6,27.1,-124180.9,28701.6,-152882.6,710.7,1995.1,3057.1,878,9698.7,18838.1,-188060.5,13029.3,12752.7,472013.1,1
"361",7220000,298.1,77.7,-124278.8,28553.6,-152832.5,782.5,2015.6,3040.2,853.1,9620.8,18987.5,-188132.5,12952.3,12161.4,471400.4,1
"362",7240000,298.3,-142.3,-124517,28575.4,-153092.4,773.2,1987.3,3055.7,841.7,9605,18902.5,-188258.2,12970.3,14419.6,471585.7,1
"363",7260000,295.8,-85,-124462.2,28333.6,-152795.8,715.1,1977.4,3059,859.3,9630.1,18807.6,-187844.8,12731.3,13596.6,471640.5,1
"364",7280000,297.9,69.9,-124442.6,28538.4,-152981,745.1,2050.7,3067.4,850.5,9570.2,18877.5,-188142.6,12945.3,12233.8,471298.6,1
"365",7300000,297.7,55.5,-124529,28517.6,-153046.6,761.1,2005.3,3044.2,866.5,9621,19040.6,-188385.6,12962.8,12397.2,471895.2,1
"366",7320000,297.2,-37.9,-124596,28463.3,-153059.3,741.8,2015.2,3057.7,864,9598.4,18907.7,-188244.3,12778.5,13164.8,471531.6,1
"367",7340000,296.7,-129.8,-124448.2,28421.9,-152870.2,784.3,2003.3,3058.6,858,9652,18826.3,-188052.9,12887.3,14208.9,471466.7,1
"368",7360000,297.8,-41.6,-124014.8,28525.3,-152540.2,721.7,1976.5,3048.2,856,9632.7,18688.8,-187464.4,12974.3,13398.3,472183.8,1
"369",7380000,297.2,104.9,-124630.4,28465.2,-153095.7,756,1995.7,3054,890.5,9595.2,19022.9,-188410.4,12789.8,11721.1,472024.2,1
"370",7400000,299.2,35.8,-124250.2,28660.7,-152910.9,754.2,1977.2,3075.7,872.1,9645.1,19031.7,-188267,13004.7,12640.3,471387.1,1
"371",7420000,300.2,78.2,-124186.3,28751.4,-152937.8,770.9,2042.8,3051.4,866,9660,18917.9,-188247.1,12909.7,12114.5,471208.2,1
"372",7440000,296.2,156,-124324.4,28373.9,-152698.3,721.2,2119.7,3078.4,865.4,9646.5,19189,-188318.9,12864.8,11275.2,471956.8,1
"373",7460000,300.1,143.3,-124002.4,28748.4,-152750.9,775.7,2046.1,3050.1,858.4,9596.7,18937.8,-188015.9,13097,11640.5,470833.5,1
"374",7480000,298.5,157,-124494,28589.4,-153083.5,750.1,2015.2,3064.3,863,9637.6,19026.2,-188440.2,12957.6,11357.6,472103.4,1
"375",7500000,297,116.5,-124756,28451.6,-153207.7,749.9,1959.6,3070.6,860.8,9603.2,19130,-188582.2,12833.2,11648.1,471261.5,1
"376",7520000,297.8,-146.5,-124266.4,28521.6,-152788.1,741.4,1954.7,3037.7,850.8,9614.6,18566.1,-187553.7,12902.3,14394.9,471990,1
"377",7540000,298.1,-61.2,-124440.9,28556.9,-152997.9,745.1,2087.7,3059.5,861.7,9588.6,18689,-188029.7,12938.7,13562.4,471651.4,1
"378",7560000,295.8,51.5,-124518.7,28333.5,-152852.2,740.8,1987.7,3062.9,843,9605.9,18936.2,-188028.9,12958.9,12434.3,471871.1,1
"379",7580000,297.5,-103.1,-124362.1,28495.6,-152857.8,781.9,2013.1,3057.7,876.2,9617,18832.5,-188036.4,12924.5,13975.8,472512.4,1
"380",7600000,296.9,32.8,-124491.9,28439.1,-152931,744.1,1962.7,3086.5,888.2,9555.4,18856.8,-188024.9,12889.9,12556.1,472101.7,1
"381",7620000,297.2,-44.9,-124447.4,28467.9,-152915.4,765.2,1960.1,3071.8,869,9636.7,18792.9,-188011.5,12871.3,13328.2,471559.5,1
"382",7640000,300.2,49.5,-123943.4,28758.3,-152701.7,767.7,2015.5,3079.1,853.8,9578.3,18711.8,-187708.1,12925.7,12422,471150.2,1
"383",7660000,297,228.5,-124349.9,28444.3,-152794.2,717.7,2029.1,3051.1,861.6,9596.1,19191.7,-188241.8,12907,10579.4,471781.8,1
"384",7680000,297.5,138.1,-124073.1,28494.2,-152567.4,750.1,1924.5,3074.9,886.2,9627.5,18912.6,-187743.4,12902.6,11494.4,472295.6,1
"385",7700000,298.2,19.2,-124124.4,28566.9,-152691.3,773.3,2054.2,3068.8,849.7,9544,18898.2,-187879.8,12899,12703.3,472569.2,1
"386",7720000,297,112.2,-124341.1,28449,-152790.2,766.6,2020.1,3027.9,862.3,9619.3,18989.9,-188076.6,12735.1,11591,472078.6,1
"387",7740000,297.1,-67.5,-124785.6,28460.4,-153246,761.4,2025.4,3058.8,872,9606.9,18736.4,-188307.2,12909.8,13597.1,471451.6,1
"388",7760000,296.4,-149.5,-124717.6,28394.2,-153111.9,760.3,2049.8,3069.2,836.4,9575.5,18857.6,-188260.9,12913.3,14436.9,472129.9,1
"389",7780000,301.1,19.4,-123866,28841.5,-152707.6,739.8,2019.7,3077.9,871,9573.5,18693.2,-187683,13087.3,12889.6,472418.6,1
"390",7800000,299.6,161,-124263.3,28698.5,-152961.8,709.7,1963.9,3070.1,879.5,9582.9,19064.9,-188233.2,12950.2,11310.2,471840.4,1
"391",7820000,299.2,153.4,-124424.1,28663.4,-153087.6,746.9,2019.3,3034.8,862.4,9577.2,19168.1,-188496.5,12949.2,11384.6,472271.6,1
"392",7840000,297.5,20.9,-124176.6,28497.2,-152673.9,742.7,1992.7,3031.1,845.8,9623.4,18803.4,-187713.3,12826.9,12613.7,472548.9,1
"393",7860000,296.9,48.3,-124583.4,28437.3,-153020.8,742.5,1935.4,3064.9,861.2,9586.7,18826.7,-188038.4,12910.9,12419.4,471781,1
"394",7880000,297.8,7.4,-124289,28524.2,-152813.2,796.7,2015.1,3055.3,864.6,9634.1,19007.6,-188187,12870.8,12795,472084.8,1
"395",7900000,298.1,-27.3,-124136.3,28558.1,-152694.4,734.7,2001.8,3067.3,879.2,9612.6,18796.7,-187787,12957,13235,471229.8,1
"396",7920000,299.2,-54.3,-124129.7,28656.3,-152786,747.6,1989,3102.3,849.5,9617.5,18681.1,-187773.2,13036.6,13589.9,472061.2,1
"397",7940000,297.6,-90.8,-123974.9,28500.8,-152475.8,746.2,2007.4,3035.5,845.5,9596.2,18477.5,-187184.3,12775,13701.4,472664.7,1
"398",7960000,296.7,-45.5,-124593.1,28418.2,-153011.3,699.9,2029.4,3046,872,9629.2,18920.6,-188208.7,12887,13351.2,472643.7,1
"399",7980000,297,55.2,-124760.6,28444.2,-153204.8,796.1,1991.6,3090,858.3,9604.5,18857,-188402.6,12889.5,12327.4,471451.9,1
"400",8e+06,297.9,-120.2,-124633,28536.7,-153169.7,729.9,1987.3,3024.6,875.1,9647.6,18720.6,-188155.2,12891.7,14115.5,471692.7,1
"401",8020000,299.2,155,-124159.7,28654.7,-152814.5,717.5,2004.5,3044.7,862.6,9611.2,19002.7,-188058.1,12916.3,11336.9,472001.2,1
"402",8040000,297.9,145.7,-124709.4,28534.5,-153244,746.6,1964.7,3041.2,867.6,9610.1,19232.4,-188706.9,13058.4,11574.1,471823.3,1
"403",8060000,297.7,139.3,-124378.8,28512.5,-152891.3,720.2,2005.7,3073.3,859.4,9582.9,19052.2,-188185.3,12975.8,11557.5,471555,1
"404",8080000,295.7,9.1,-125015,28325.6,-153340.7,748.2,1930.4,3088.6,849.4,9621,19115.1,-188693.6,12854.5,12761.5,470704.9,1
"405",8100000,298.8,102.9,-124679.5,28616.7,-153296.3,746.8,2011.3,3070.3,873,9583.3,18992.4,-188573.8,13021.2,11974.8,471211.9,1
"406",8120000,299.1,-43.2,-124608.9,28650.3,-153259.2,743.9,2016.1,3124.3,879.7,9641.1,18763.7,-188428.3,13033.9,13473.5,471450.9,1
"407",8140000,297.4,2.4,-124526.2,28485.9,-153012.1,723.5,1973.4,3086.9,857.6,9626.1,19093.7,-188373.4,12941.2,12916.7,472679.1,1
"408",8160000,297.7,31.5,-124548.4,28517.4,-153065.8,729,2063.3,3063.2,869.5,9652.2,18747.7,-188191,12996,12675.6,470496.4,1
"409",8180000,298.3,-45.8,-124260.4,28572.8,-152833.3,781.5,1965,3080.4,838.1,9612.8,18824.5,-187935.8,12860.3,13327.5,471998.4,1
"410",8200000,298.8,-65,-124591.5,28620.9,-153212.5,750,1990.9,3129.9,855.3,9664.9,18698.4,-188302.3,13020.2,13682.1,471521.2,1
"411",8220000,297.2,8.1,-124445.1,28466.7,-152911.8,717.5,1975.9,3088.1,868.7,9669.2,18852.6,-188084,12826.4,12743.3,473235.9,1
"412",8240000,297.7,212.8,-124457.8,28516.3,-152974.2,742.5,2008.4,3033,863.7,9596.8,18954.5,-188173.2,12905.3,10736.8,472040,1
"413",8260000,297.8,-81.1,-124185,28523.5,-152708.5,760.5,2014.2,3064.6,864,9641.8,18803.4,-187857.2,12932.5,13758.6,471789.4,1
"414",8280000,299.2,24,-124004.2,28656,-152660.2,741.7,2047.7,3047.7,868.4,9614.9,18627.4,-187608.4,12917.5,12673.4,471783.9,1
"415",8300000,298.7,-26.3,-124315.3,28612,-152927.3,753.4,2017.4,3106.7,853,9656.7,18774.1,-188088.9,12995.2,13263.4,472034.9,1
"416",8320000,297,-65.2,-125000,28447.1,-153447.1,742.8,2031.6,3072.8,862.1,9664.3,18912,-188733.1,12899.8,13563.4,471779.8,1
"417",8340000,297.5,153.3,-124365.5,28496.7,-152862.2,750.8,1969.4,3093,862.6,9647.8,18973.2,-188159.2,12858.4,11294.9,472468.1,1
"418",8360000,297.7,133.9,-124282.6,28512.2,-152794.8,799.1,2023.2,3066,855.7,9547.7,18982.4,-188069.2,12802.3,11436.1,472446.9,1
"419",8380000,296.6,-55.7,-124436.4,28406.7,-152843.1,740,2039,3068.7,852,9626.1,18651.2,-187820.2,12997.8,13564.3,471375.8,1
"420",8400000,298.4,64.9,-124218,28583.6,-152801.7,725.6,2014.9,3038.8,874.6,9609.6,18970.4,-188036,12951.8,12289.5,472690.3,1
"421",8420000,297.2,-103.1,-124490.3,28462.8,-152953.2,761.2,2006.2,3071.1,859.2,9646.7,18681.8,-187979.6,13005.3,14055.3,471639.6,1
"422",8440000,298.4,-9.6,-124254.7,28579.6,-152834.4,777.6,1987.9,3073.4,875.3,9595.3,18952.3,-188096.4,12938.5,13035.8,471803.8,1
"423",8460000,297.6,164.6,-124512,28508.5,-153020.5,745.1,2026.2,3085.6,864.8,9647.7,19035.5,-188425.5,12922.8,11246.1,471917.1,1
"424",8480000,297,-2.6,-123964.2,28448.5,-152412.7,781.7,2041.1,3072.5,831.1,9652,18881.2,-187672.5,12898,12924.5,472658.1,1
"425",8500000,297.1,-146.4,-124356.6,28457.6,-152814.3,726.9,2003.4,3055.2,859.5,9643.3,18493.5,-187596.3,12928.9,14418.3,471195.2,1
"426",8520000,298.9,118.3,-124460,28633.4,-153093.4,748.4,2032.3,3059.9,859.1,9594.7,19115.3,-188503.4,13001.8,11797.8,471523.8,1
"427",8540000,300.3,-9.8,-124094.8,28765.2,-152860,762.9,2031.8,3036.8,845.8,9605.4,18625.5,-187768.4,13028.4,13127.6,471547.6,1
"428",8560000,300.1,24.8,-124285.4,28742.4,-153027.9,729.7,2051.4,3063.8,853.2,9559,18986.3,-188271.5,13055.5,12803.2,471188.3,1
"429",8580000,296.7,57.8,-124633.5,28423.4,-153057,713.9,1993.6,3062.1,890.5,9645.7,18941.6,-188304.5,12968.5,12380.2,471719.5,1
"430",8600000,296.7,195.9,-124590.2,28421.3,-153011.5,732.7,2036.1,3077.8,860.7,9669.7,19159.2,-188548,12909.4,10912.2,472171,1
"431",8620000,299.6,-162.4,-124247.8,28699.9,-152947.8,714.4,2033.1,3075.3,851,9577,18582.5,-187781.4,12999.1,14653.1,471590.2,1
"432",8640000,299.7,61,-124258.3,28709.7,-152968,721.5,2023.9,3101.4,871.5,9640.1,18995.3,-188322,12941,12319,472002.6,1
"433",8660000,296.9,73.9,-124440,28441.2,-152881.2,713.7,2048.1,3086.8,855.6,9640.3,18841.8,-188067.8,12893.3,12141.5,470904,1
"434",8680000,300.2,33.7,-123992,28758.6,-152750.7,763,1982.2,3072,875.3,9647.9,18702.7,-187794,13144.4,12800.9,472096.6,1
"435",8700000,298.5,-243.3,-123933.2,28595.9,-152529.1,748.7,2051.2,3065.4,870.4,9590.8,18572.5,-187428.4,12999.4,15481.6,472442.3,1
"436",8720000,299.2,-46.1,-124173.6,28661.6,-152835.2,750.8,2024.2,3052.5,854,9578.2,18975.6,-188070.8,12895.4,13365.4,472282,1
"437",8740000,296.2,-92.5,-124566.8,28368.2,-152935,720.5,2041.6,3058.1,842.4,9585.8,18974.1,-188157.8,12754.8,13699,472693.8,1
"438",8760000,297.2,61.8,-124370,28468.1,-152838.1,763,2017.2,3064.6,847.3,9595.8,18819.6,-187946,12892.6,12262.5,472374.2,1
"439",8780000,298.9,187.8,-124349.1,28627,-152976.1,747.3,1988.4,3078.8,870.5,9623.8,18931.4,-188216.5,12934.6,11024.6,470988.5,1
"440",8800000,296.8,-26.7,-124355.6,28427.3,-152783,749.4,1997.9,3082.7,879.5,9646.3,18908.1,-188047.1,12826,13097.1,470829.3,1
"441",8820000,296.9,-49.9,-124293.8,28441.5,-152735.4,743.2,2028.4,3066.6,854.9,9670,18796.8,-187895.5,12830,13339.3,472249.4,1
"442",8840000,297,-71.2,-124713.8,28451.9,-153165.7,753.4,2023.5,3065.6,855.6,9675.3,18923.8,-188463.1,12926.9,13651.4,471527.2,1
"443",8860000,298.8,21.6,-124246.7,28617.8,-152864.5,774.6,2033,3065.2,860.9,9641,18979.3,-188218.9,12910.4,12689.9,472057.3,1
"444",8880000,297.3,53.2,-124619.8,28474.8,-153094.7,783.9,2069.4,3063.4,840.5,9581.7,18973.7,-188407.6,13041.4,12500.6,470756.6,1
"445",8900000,298.8,47.2,-124009.4,28620.3,-152629.7,783.2,2014.1,3058.1,843.6,9545.8,18897.7,-187772.5,13048.9,12566.6,473024.7,1
"446",8920000,297.4,45.4,-124246,28484,-152730,770.8,2011.1,3057.3,867.2,9613.9,19076.7,-188127.2,12893.2,12430.6,472190,1
"447",8940000,299,-125.5,-124412.9,28643.1,-153056,748.6,2032.7,3082.4,865.4,9557.1,18912.4,-188254.9,13001,14279.7,471784.6,1
"448",8960000,296.9,243.3,-124394.4,28442.1,-152836.5,741.3,2069,3078.6,852.4,9598.2,19173.3,-188349.6,12850.8,10373.1,471582.9,1
"449",8980000,297.3,-244.6,-124537.1,28481.2,-153018.3,732.9,2019.1,3057.8,854.9,9579.5,18672.8,-187935.7,12819.3,15310.5,471615.8,1
"450",9e+06,299.5,92.8,-124277.6,28690.5,-152968.2,757.7,1998.2,3037,866.8,9622.9,18734,-187985.1,12990.6,12043.1,472653.4,1
"451",9020000,299.2,31.6,-124210,28654.6,-152864.7,733,1980,3077.3,865.2,9632.6,18778.2,-187931.4,12954.3,12632.4,471623.8,1
"452",9040000,295.7,-206.2,-124272.2,28321,-152593.2,758.9,2037.2,3094.4,860.4,9648.8,18595.5,-187588.8,12744.2,14840.8,470872.8,1
"453",9060000,298.5,-26.3,-124825.6,28596.5,-153422.2,734.8,1961.2,3094.1,854.9,9646.8,18902.9,-188617.3,12935.9,13203,470379.3,1
"454",9080000,299.1,-109.8,-124261.9,28646.6,-152908.6,767.1,1998.2,3086.2,849.3,9624.7,18822.8,-188057.2,12974.6,14094.8,472364.8,1
"455",9100000,296.1,-35.8,-124620.3,28361.6,-152981.9,730.2,2042.2,3071.9,860.6,9589.3,18783.4,-188059.9,13007.4,13372.3,471775.8,1
"456",9120000,298,-133.8,-124191.7,28547.9,-152739.6,751.5,1952.7,3092,873,9610.1,18644.5,-187663.7,13051.4,14416.7,472590,1
"457",9140000,299.6,82.9,-123929,28701.3,-152630.3,744.9,2017.8,3052.5,860.3,9573.7,18778.1,-187657.9,12976.2,12130.3,472681,1
"458",9160000,296.9,-44.2,-124374.2,28439.8,-152814,738.6,2046.4,3060.3,863.8,9639.1,18742,-187904.4,12881.7,13332.1,472260.2,1
"459",9180000,298.3,59.8,-124525.9,28577.3,-153103.3,748.4,2041.4,3057,858.4,9620.4,18978.3,-188407.5,12952.1,12342.8,472235,1
"460",9200000,298.6,-82.7,-124366.9,28597.6,-152964.5,731.1,1954.6,3067,876.4,9643.6,18986,-188223.6,13046.8,13888.9,471562.6,1
"461",9220000,297,-42.1,-124845.9,28447.3,-153293.3,708.3,1924.9,3072.9,848.3,9672.5,18757.4,-188277.8,12943,13372.2,471728.6,1
"462",9240000,297.6,143.5,-124289.1,28507.8,-152796.9,746.6,2010.6,3070.3,864,9644.2,19127.1,-188260.1,12938.8,11476,472015.2,1
"463",9260000,298.4,20.6,-124726.8,28585.3,-153312.2,721.1,1997,3101.9,835.6,9665.6,19160.5,-188794.4,13007.4,12798.5,470714.8,1
"464",9280000,297.6,-74,-124513.1,28502.9,-153016.1,778.1,2044.9,3076.7,872.9,9588.3,18957.3,-188334.6,12887.2,13640.1,471410.3,1
"465",9300000,298.3,48,-124447.6,28575,-153022.7,738.7,1966.5,3098.5,879,9702.7,18674.4,-188082.7,12899.3,12410.4,471671.6,1
"466",9320000,297.8,69.2,-124649.4,28524.4,-153173.9,742.1,1982.6,3076.3,852,9611.6,19094.9,-188533.6,13006,12300.3,472443.2,1
"467",9340000,297.8,134.4,-124396.4,28520.3,-152916.7,757.3,2035.7,3083.9,842.9,9617.2,19010.2,-188264.1,12897.4,11528.5,471824.3,1
"468",9360000,297.1,214.9,-124538.1,28453.6,-152991.7,709.5,1992.7,3067.1,859.4,9627,19324.8,-188572.5,12959,10766.9,472527.6,1
"469",9380000,297.8,-123.8,-124885,28521.6,-153406.6,716.7,2012.3,3060.5,871,9602.8,18885.1,-188555.4,12962.5,14223.1,471573.3,1
"470",9400000,295.7,-41.7,-124690.8,28326.6,-153017.4,756.8,2039.2,3063.1,850.2,9621.1,18828.9,-188177,12851.6,13275.9,471531.8,1
"471",9420000,295.8,-49.5,-124191.6,28332,-152523.7,781.6,1995.4,3071,858.5,9612.5,18726.5,-187569.6,12937.6,13442.6,472437.9,1
"472",9440000,297.4,59.8,-124724.6,28486.3,-153210.9,773.9,2043.1,3075.6,863.2,9547.2,19115,-188629.2,12873.8,12265.2,471141.1,1
"473",9460000,297.7,22,-124626.6,28518.5,-153145.1,762.1,2014.5,3093.9,870,9609.3,18513.8,-188009,12933.2,12710,470837.7,1
"474",9480000,302,-262.6,-123715.6,28923.4,-152639,747.1,1962.6,3072.6,864.7,9627.9,18514.5,-187428.7,13158,15835.2,472256.3,1
"475",9500000,298.5,28.2,-124759.7,28587.9,-153347.6,722.5,1995.3,3065.9,847,9669.4,19057.6,-188705.7,12979.2,12692.3,471405.1,1
"476",9520000,296.6,287.7,-124449.2,28412.9,-152862.1,741.7,2033.3,3081.8,857.1,9677.3,19275.9,-188529.5,12801.8,9875.3,471186.9,1
"477",9540000,296.7,144.4,-124545.5,28416.9,-152962.4,755.1,2062.1,3063.8,860.2,9608.7,19175.7,-188488.5,12899.5,11426.4,472414.3,1
"478",9560000,299.6,-12.2,-124157.9,28700.1,-152858,766.5,2013.8,3107.5,853.6,9573.4,18914.4,-188087.5,13005,13128.9,471847,1
"479",9580000,298.8,-147,-124234.4,28623.1,-152857.6,730.6,2022.7,3073.7,870.2,9600.3,18686.5,-187841.9,12992.3,14493.7,472996.2,1
"480",9600000,298.5,29,-124196.2,28593,-152789.2,707.3,2053.5,3099.2,868.9,9583.7,18831.7,-187933.8,12890.4,12594.8,471516.9,1
"481",9620000,297.8,124.8,-124303.3,28528.7,-152832,732.6,2004,3067.5,872.9,9599.8,19106.9,-188215.9,12893.7,11621.3,472292.6,1
"482",9640000,298.6,5.1,-124150.8,28603.4,-152754.3,769.6,2005.6,3071.9,870.8,9652.3,18806.1,-187930.8,13027.1,12975,471527.2,1
"483",9660000,297.9,-24.3,-124395.2,28536.7,-152932,745.9,2032.8,3039.4,840,9598.4,18945,-188133.8,12805.1,13053.1,471803.5,1
"484",9680000,300.2,-111.5,-124318.9,28757.8,-153076.8,737.9,2018.7,3077,871.5,9656.5,18752.7,-188191.4,13076.6,14213.6,472253.9,1
"485",9700000,298.1,173.7,-124378,28554.1,-152932.1,754.8,2027.3,3082.2,858,9627.7,18929.4,-188211.9,13003.1,11232.2,472269.6,1
"486",9720000,299.8,194.4,-124193.6,28712.1,-152905.8,700.3,2007.9,3070.4,877.2,9645,19186.6,-188393.6,12997.8,11015.8,472291.3,1
"487",9740000,297.2,88.5,-124384.5,28470.2,-152854.8,733.3,2034.7,3075.1,857.7,9679.5,19038.1,-188273.6,12899,11998.8,471129.3,1
"488",9760000,299.8,-249.5,-124400.4,28713.2,-153113.6,741.2,1983.9,3061.8,850.8,9632.6,18635.8,-188020.1,13077,15622.3,472390,1
"489",9780000,297.9,58.9,-124524,28535.9,-153059.9,718.7,1994,3071.6,850.7,9620.4,18990.1,-188305.7,12924.3,12325.2,471299.1,1
"490",9800000,297.9,-109.5,-124353.7,28533.2,-152886.9,753,2007.4,3082.5,853.6,9665.1,18774.3,-188023,12996.1,14111.7,471917,1
"491",9820000,299.2,101.7,-124488.3,28658.7,-153147,747.2,1992.6,3035.8,864.7,9622.9,19318.8,-188729.2,13059.4,12022.3,472216.8,1
"492",9840000,297.7,-32.4,-124705.6,28510.6,-153216.2,717.5,2054.9,3124.7,880.1,9677.6,18802.8,-188474.1,13091.5,13422.1,472465.6,1
"493",9860000,296,2.6,-124056.1,28357,-152413.2,765.7,2001.7,3075.3,855.6,9636.2,18830.1,-187578,12956.8,12930.7,472701.4,1
"494",9880000,299.2,-124.8,-123873.9,28654.4,-152528.3,744.4,2027.1,3092.2,849.7,9665.5,18728.6,-187636.1,12949.9,14222.7,472220.9,1
"495",9900000,295.7,-157.7,-124698.8,28324.4,-153023.3,767.5,2053.6,3095.4,846,9640.6,18619.5,-188046.4,12841.4,14441.8,469920.5,1
"496",9920000,297.1,-163.6,-124409,28454.3,-152863.4,742,2013.9,3086.9,845.6,9650.1,18756.2,-187958.4,12840.1,14510.7,473024.5,1
"497",9940000,297,45.2,-124601,28451.3,-153052.3,767,2045.7,3114.7,864.9,9666,18955.2,-188466,12943.6,12483.4,471542.9,1
"498",9960000,300.4,86,-124034.3,28777.3,-152811.7,746.3,2065.6,3089.5,869.5,9670.8,18759.2,-188012.9,12989.7,12114.1,471311,1
"499",9980000,298.3,32.8,-124363.1,28569.7,-152932.8,754.7,2055.2,3083.9,840.8,9654.6,18988.6,-188310.9,12956.4,12622.2,471578.6,1
"500",1e+07,296.1,-11.7,-124832.1,28358,-153190.2,746.3,1981.2,3077.5,847.2,9689.7,19078.3,-188610.7,12854.6,12973.5,472182.6,1
"501",10020000,298.3,17.6,-124681.1,28568.6,-153249.7,744.3,2006.9,3140.3,875,9677.2,19070.6,-188764.3,12877.3,12697.5,472395.6,1
"502",10040000,297.7,140.5,-124632.6,28513,-153145.6,773.4,2075.3,3083.3,853,9595.5,19027.8,-188554.3,13022.2,11589.1,472410.3,1
"503",10060000,300.8,-76.6,-124255.2,28814.8,-153070,766.7,2032.5,3082.8,869.5,9682.3,19016.2,-188520.3,13056.1,13837.4,472130.8,1
"504",10080000,298.8,-25.4,-124115.1,28623.8,-152739,745.5,2043.2,3105.3,844.1,9648.6,18872,-187998,12891,13150.5,472227.3,1
"505",10100000,295.7,-75.1,-124291.7,28327.9,-152619.7,758.6,2041.7,3088.9,848.5,9626.7,18648.7,-187633.1,13074,13839.9,472377.4,1
"506",10120000,296.7,131.9,-124369.5,28423.7,-152793.3,755.4,2052.3,3073.8,866.6,9654.6,19165.4,-188361.6,12812.6,11469.8,471679.9,1
"507",10140000,299.3,-76.9,-124420.2,28664.6,-153084.9,746.7,2027.7,3096,863.1,9626.2,18764.2,-188209,12943.8,13725.3,470902.6,1
"508",10160000,297.3,-149.5,-124389.8,28481.4,-152871.3,707.2,1966.1,3059.1,863.1,9677.4,18604.5,-187749,12833.7,14354.2,471056.4,1
"509",10180000,299.1,124.5,-124318.2,28647.8,-152966.1,717.1,2052,3071.7,853.8,9668.7,18903.2,-188232.9,12992.8,11725.4,471372.5,1
"510",10200000,298.9,-102,-124264.2,28633.8,-152898.1,769.1,2021.3,3075.1,848.1,9593.3,18702.7,-187907.9,12945.1,13983.7,471750,1
"511",10220000,300.6,0.3,-124200.4,28797,-152997.4,785.5,2052.9,3086.7,841.7,9603.2,18666.9,-188034.5,13047.6,13044.5,471127.4,1
"512",10240000,297.5,-0.5,-124471.9,28495.8,-152967.7,752.2,2010.1,3070.9,838.2,9630.5,18759.7,-188029.6,12930.8,12935.4,471719.9,1
"513",10260000,295.9,-72.4,-124370.6,28338.4,-152709,767.6,2041,3118,857.6,9619.9,18853.8,-187967.1,12836.3,13573.8,471765.9,1
"514",10280000,300.2,77.1,-124265.4,28757.7,-153023.2,721.8,2066.3,3061.5,863.8,9619.7,19176.9,-188533.5,13026.3,12241,471927.1,1
"515",10300000,300.4,-129.6,-124220.5,28773.5,-152994.1,741.6,1984.5,3046.9,852.5,9614.6,18728.1,-187962.6,13094.1,14415.7,472255,1
"516",10320000,297.2,39.5,-124647.6,28469.4,-153117.1,718.8,1950.6,3069.5,874.5,9674.1,19003.4,-188408.2,12831.3,12428.5,471976.3,1
"517",10340000,296.1,31.8,-124641,28361.1,-153002.2,731.2,2032.7,3036.5,849.2,9682.7,18964,-188298.9,12890.2,12566.7,471435.4,1
"518",10360000,298.8,-103.7,-124323,28622.9,-152945.9,738.2,1994.2,3073.8,871.8,9597,18701.6,-187922.7,12947.7,14004.1,472031,1
"519",10380000,299.6,144.7,-124158.5,28696.2,-152854.8,752,2035.3,3053.1,853.7,9620.2,18791.5,-187960.9,13073.5,11598.8,472090,1
"520",10400000,297.1,-127.1,-124431.2,28462,-152893.3,759.1,2021.5,3088.2,856.7,9607.7,18898.6,-188125.3,12918.7,14212,471214.5,1
"521",10420000,295.8,-50.7,-124616.6,28337,-152953.6,708.9,1987.4,3075.2,868.2,9705.9,18760.8,-188060.3,12816.1,13333.4,472405,1
"522",10440000,299.1,-72.9,-124739.5,28649.6,-153389.1,740.9,1958.2,3054.4,863.8,9661.3,18951.8,-188619.8,13068.1,13810.9,471866.4,1
"523",10460000,297.5,38.4,-124866.9,28493.3,-153360.2,778.6,2012.2,3070,845.2,9631.4,19065.2,-188763.2,12768.8,12378.6,471174,1
"524",10480000,298.7,75.7,-124339.1,28611.8,-152950.9,731.8,2016.2,3044.4,871.3,9724.5,19015.2,-188354.6,12874.4,12103,472113.3,1
"525",10500000,298.2,-29,-124281.5,28563,-152844.6,753.5,1995.1,3075.3,868.2,9616.9,18977.2,-188131,12841.6,13136.5,471151.2,1
"526",10520000,298.3,72.7,-123970.7,28573.1,-152543.8,712.8,2003.4,3087.9,844.6,9567.4,18822.7,-187582.8,12874.3,12133,472445.2,1
"527",10540000,299.3,-241.9,-124430,28666.2,-153096.3,749.9,2017.5,3080.8,862.7,9638.9,18617.2,-188063.5,13086.1,15548,471369.9,1
"528",10560000,297.8,-49.7,-124194.3,28529.3,-152723.6,774.7,1976.3,3079.9,860.5,9633.1,18692.3,-187740.6,12965.2,13471.6,471540,1
"529",10580000,297.3,34.2,-124350.4,28480.1,-152830.6,764.8,2020.3,3062.7,869.3,9664.3,18796.6,-188008.8,12964.6,12616.2,471932.4,1
"530",10600000,298.8,52.5,-123959.3,28617.1,-152576.4,769.5,2031.4,3072.5,855.3,9673.6,18639,-187617.9,12932.6,12398,471928.3,1
"531",10620000,299.1,-3.7,-124501.3,28648.7,-153150.1,735.4,1924.2,3102.4,875.9,9757.9,18648.1,-188194.3,12912.7,12950.8,471403.9,1
"532",10640000,297.3,130.3,-124299.8,28475.6,-152775.5,792.3,2023.5,3054.2,859,9667.7,18985.3,-188157.6,12876.3,11550.4,471383.3,1
"533",10660000,299.7,71.1,-124043.3,28707.4,-152750.7,792.3,1918.8,3095.9,846,9652.4,18809.3,-187865.6,13005,12280,472069.3,1
"534",10680000,297,145.1,-124628.5,28450.3,-153078.9,737.1,2009.8,3075.5,872.4,9669.1,19036.8,-188479.8,12787.5,11312.8,470764.4,1
"535",10700000,295.7,55.6,-124619.2,28320.2,-152939.5,746,2011.8,3111,857,9653.6,19021.7,-188340.8,12906.2,12341.5,470520,1
"536",10720000,298,-141.9,-124432,28543.4,-152975.4,781.3,2032.5,3058,863.4,9626.4,18795.7,-188133,13028.5,14475,472067.3,1
"537",10740000,299.8,106.6,-123954.7,28712.3,-152667.1,771.8,2020.9,3043.4,867.6,9648.9,18829.3,-187849.2,13124.9,12039,471829.1,1
"538",10760000,295.8,24,-124654.8,28333.2,-152988.1,743.1,2040.9,3057,836.9,9583.1,18700.2,-187949.5,12945.6,12702.1,470827.5,1
"539",10780000,298.2,-154.8,-124356.9,28562.4,-152919.3,719,2016.4,3067.4,888.2,9679.1,18791.4,-188081.1,13008.3,14584.1,471560.8,1
"540",10800000,296.5,71.9,-124187.2,28399.8,-152587,758.7,2031.6,3072.8,853.5,9613.2,18889,-187806.1,12848.4,12115.1,472027.9,1
"541",10820000,297.3,-10.9,-124480.3,28473.9,-152954.3,731.7,1969.5,3071.9,839.9,9660.3,18791.5,-188019.4,13039.5,13150.3,471686,1
"542",10840000,298.5,-159.9,-124528.5,28590.7,-153119.2,748.1,2057.9,3090.6,861.9,9619.9,18789.1,-188286.9,12921.7,14547.5,470851.5,1
"543",10860000,298.3,-57.7,-124219.4,28576.6,-152796.1,761.4,2029.4,3077.7,871.9,9650.8,18863.3,-188050.7,13060.2,13649.1,472458.3,1
"544",10880000,300,-193.8,-124256,28732.4,-152988.5,768,1997,3098.6,854,9548.1,18585,-187839.6,13087.9,15061.3,471719.3,1
"545",10900000,297.4,-90.5,-124197.4,28485.2,-152682.6,734.8,2016.2,3074.5,856.4,9651.8,18596,-187612.7,12873.3,13796.2,472301.6,1
"546",10920000,298.5,-4.1,-124422.9,28591.4,-153014.3,727.1,2052.1,3104.7,867,9572.3,18952.4,-188290.3,13000,13041.3,471186.1,1
"547",10940000,299.6,-97.9,-123973,28695.6,-152668.7,714.7,2027,3084.6,852.5,9682.7,18722.8,-187753.4,13069.6,14067.5,471926.5,1
"548",10960000,298.8,-154.3,-124394,28618.7,-153012.8,818.3,2029.3,3073.6,852.9,9571.2,18760.3,-188118.8,12984.5,14556.3,471895.2,1
"549",10980000,299.3,-93,-124410,28664.3,-153074.4,742.4,2001.4,3076.9,863.8,9643.1,18803.4,-188205.8,12825.1,13772.4,471528.3,1
"550",1.1e+07,297.7,11.6,-124499.3,28518,-153017.4,720.5,1974.2,3046.3,864.4,9665.5,18842.9,-188131.6,13080.8,12962.2,472084.7,1
"551",11020000,300.2,36.4,-124135,28757.5,-152892.5,747.7,2084.8,3087.7,841.6,9593,18668.4,-187916,13117.8,12746.1,472440.2,1
"552",11040000,298,-267.9,-124395.2,28540.4,-152935.7,776.5,1997.3,3083.9,829.2,9582.5,18727.3,-187932.5,13064.4,15795.2,472124.5,1
"553",11060000,298.6,106.1,-124098.1,28602.9,-152701,766.3,1969,3023.4,868.2,9640.6,18729.5,-187698.3,13008.9,11928.6,471724.1,1
"554",11080000,298.8,-36.2,-124454.2,28624.9,-153079.2,729.5,2007.5,3060.8,873.8,9639.9,18699.3,-188090.3,12929,13297.8,471713.9,1
"555",11100000,296.4,-9.1,-124801,28390.9,-153191.9,753.9,2016,3041.3,841.9,9550.4,18966.7,-188362.5,12843.9,12936.9,471544.3,1
"556",11120000,297.1,80.2,-124446.5,28460.9,-152907.5,748.4,2026.4,3071.7,875.3,9634.1,18893.9,-188157.5,12951.1,12134.3,471716.7,1
"557",11140000,297.5,96,-124347,28492.1,-152839.1,758.5,2018.2,3087,851.3,9643.5,18933.1,-188131.1,13041.2,12063.7,471726.1,1
"558",11160000,299.1,96.1,-124527.4,28647.4,-153174.9,774.5,2014.5,3039.6,868.4,9612.1,19089.3,-188573.5,12958.3,11981.5,470737.8,1
"559",11180000,298.2,-111.6,-124170.6,28564.6,-152735.3,780.5,1965.9,3040.8,871.7,9574.5,18578.9,-187547.8,12965.1,14104.3,472574.6,1
"560",11200000,296.2,-5.3,-124444.4,28374.3,-152818.8,748.2,2019.2,3052.8,838.5,9572.9,19049.3,-188100,12794.3,12848.6,472201.6,1
"561",11220000,299.3,202.9,-124023.4,28667.2,-152690.7,702.2,2004.4,3070.2,867.4,9567.8,19248.8,-188151.7,13011.8,10941.4,472539.6,1
"562",11240000,300,-36.1,-124259.2,28734.5,-152993.8,729.3,2033.7,3036.1,863.5,9625.8,18818.3,-188100.7,13057.8,13425,471738.3,1
"563",11260000,298.6,-127.7,-124587.4,28605.4,-153192.9,714.9,2048.4,3075,852.5,9582.2,18510.1,-187976.2,12921,14220.4,471361.6,1
"564",11280000,297,-28.6,-124459.9,28443.6,-152903.5,760.6,2082.2,3094.8,862.8,9543.1,18864.9,-188112.1,12906.7,13198.2,472206.2,1
"565",11300000,298,-164.7,-124518,28540,-153058,762.5,2015.1,3049,844.7,9592.4,18527.4,-187849.6,12803.6,14482.8,472099.4,1
"566",11320000,298.2,-9,-124521,28561.6,-153082.7,758.4,2054.5,3083.5,835.5,9583.4,18929.6,-188328,12981.8,13073.8,472114.1,1
"567",11340000,296,17.4,-124571.9,28355.8,-152927.7,791.2,2062.5,3071.7,861.4,9562.8,19076.3,-188354,12814.3,12637.2,472056.8,1
"568",11360000,298.8,-128.2,-124279,28616.5,-152895.5,716.4,1969.9,3081.7,866.9,9641.8,18790.8,-187963.3,12987.9,14293.5,471799,1
"569",11380000,299.8,-48.2,-124198.1,28718,-152916.2,768.2,2003.7,3064.8,872.4,9611.1,18484,-187720.7,13004.1,13495.4,472200.3,1
"570",11400000,297.1,68.1,-124378.1,28456.8,-152835,750,2034.2,3070.4,843.1,9587.9,18982.6,-188103.5,12814.6,12119.7,472338,1
"571",11420000,298,-77.2,-124684.4,28546.4,-153230.8,773.6,2035.3,3055.8,852.9,9565.6,18904.7,-188418.9,12889.4,13674.9,471340.9,1
"572",11440000,297.6,12.2,-124188.2,28506.4,-152694.6,749,2010.9,3039.7,834.1,9588.7,18992.3,-187909.5,12902.4,12777.7,471635.5,1
"573",11460000,297.2,229.8,-124291,28471.7,-152762.7,750.3,2053.4,3062,825.1,9555.3,19143.2,-188152.3,12818.8,10474.1,472652.2,1
"574",11480000,295.5,140.2,-124595.1,28304.5,-152899.7,736,1971.8,3051,852.8,9620.5,18635.3,-187767.5,12858.8,11434,470574.6,1
"575",11500000,298.7,96,-124248.2,28608.4,-152856.7,752.9,2048.4,3041,846.3,9625.6,18810.5,-187981.7,13014.7,12038.3,471088.4,1
"576",11520000,295.4,144.4,-124747.9,28292.6,-153040.6,739,2026.9,3120.5,868.5,9659.2,19167.6,-188622.6,12774,11307.3,470604.7,1
"577",11540000,297.6,172.6,-124342.6,28503.4,-152846,779.9,1944.2,3094,864,9612.6,18915.2,-188056.2,12882.4,11122.6,472096.9,1
"578",11560000,298.4,66.6,-124796.7,28578.9,-153375.7,768.2,2025,3084.9,843.5,9575.7,19018.9,-188692.2,13055.7,12378.1,471530.7,1
"579",11580000,298.3,134.3,-124353.7,28569.1,-152922.9,700.5,2082.1,3027,841.9,9530.6,19002.3,-188107.7,12949.3,11580.6,471861.6,1
"580",11600000,298.5,-157.2,-124470.5,28592.2,-153062.7,769.7,2057.8,3031.3,842.2,9499.7,18607,-187870.8,12967.9,14563.6,469997.3,1
"581",11620000,297.6,190.6,-124116.9,28505,-152621.9,740.1,2040.7,3098.5,864.1,9586.3,19055.9,-188007.8,12995.8,11052.4,472243,1
"582",11640000,297.9,29.3,-124211,28536.7,-152747.7,780.3,2015.7,3052,871.3,9589.1,18902.2,-187958.7,13011.4,12713.3,471782.4,1
"583",11660000,298.9,89.4,-124191.9,28632.5,-152824.4,771.9,2016.2,3061.9,846.1,9587.4,18851.1,-187959.3,12978.9,12067.9,471707,1
"584",11680000,297.4,76.4,-124259.2,28485.4,-152744.7,706.3,1989.5,3071.3,872.8,9645.8,19009.4,-188040,12967.9,12190.2,471692.1,1
"585",11700000,298.5,-70.8,-124371.7,28587.2,-152958.9,770.5,1969,3066.6,879.6,9631.4,18861.7,-188138,13037,13757.3,471063,1
"586",11720000,297.3,105.4,-124341,28473.7,-152814.7,749.7,1970.6,3042.5,860.9,9595.9,18875.7,-187910.3,12860.9,11787.2,471896.5,1
"587",11740000,294.8,-70.9,-124892.9,28233.8,-153126.7,730,2016.4,3037.7,854.8,9644,18932,-188341.8,12770.1,13491.8,471117.2,1
"588",11760000,296.2,-70.2,-124700,28367.2,-153067.3,723.5,2038.2,3076.1,854.3,9579.8,18738.7,-188078,12832.6,13547.2,471701.5,1
"589",11780000,298.7,-240,-124171.9,28608.5,-152780.4,747.9,2001.4,3043.6,850.2,9609.4,18602.7,-187636.1,12988.7,15437.5,472654.5,1
"590",11800000,297.3,92.9,-124748,28477.2,-153225.2,787.2,1985.6,3045.3,863.3,9658.9,19126.3,-188692.1,12899.6,11953.9,471415.2,1
"591",11820000,298,-75.5,-124386.1,28547.5,-152933.7,722.1,2031.8,3059,860.5,9625.4,18930.8,-188163.6,12986.4,13755.6,471960,1
"592",11840000,299.4,56.7,-124264,28679.1,-152943.1,741.1,2028,3076,852.9,9615.1,18917,-188173.5,13089.6,12512.6,471790.3,1
"593",11860000,296.7,-119,-124688.9,28422.2,-153111.2,720.9,2044.9,3048.8,860.4,9659.1,18987.2,-188432.8,12816.2,14030.2,472325.6,1
"594",11880000,299.6,-27.9,-124304.2,28692.8,-152997.1,709.4,1995.9,3062.1,859.1,9596.7,18711.1,-187931.6,13089.6,13374,471944.2,1
"595",11900000,297.7,41.5,-124610.4,28514.4,-153124.8,728.5,2011.1,3028.2,873.4,9667.2,18849.1,-188282.7,12959.3,12537.4,471103.4,1
"596",11920000,297.9,-50.9,-124609.3,28537.5,-153146.9,752.1,2038.3,3022.3,871.3,9600.9,18717.1,-188149.3,12917.7,13435.5,470949.8,1
"597",11940000,298.4,142.4,-124253.6,28582.2,-152835.9,762.2,2027.9,3031.4,855.6,9619.1,19081.8,-188214.3,12930.8,11479.4,472235.2,1
"598",11960000,296.6,-257.7,-124763.2,28409.4,-153172.6,716.1,1991.1,3062.4,867.8,9685.7,18722.6,-188218.6,12740.3,15365.1,471656.5,1
"599",11980000,296.2,154,-124833.4,28376.2,-153209.7,711.8,2067.7,3064.2,851.7,9612.1,19182.2,-188699.7,12849.1,11282.4,471066.4,1
"600",1.2e+07,296.7,39.9,-124770,28418.8,-153188.8,746.6,2009.2,3086.3,857,9711.2,19066.9,-188666.1,12851.4,12445.2,471887.2,1
"601",12020000,300.1,-135.1,-124399,28748,-153147,746.2,1978.7,3086.6,853,9624.6,18686.9,-188123.2,13141.9,14518.1,471717.6,1
"602",12040000,296.8,-162.8,-124595.8,28433.3,-153029.2,745.1,1972.1,3072,865.5,9661.3,18835.9,-188181.3,12831.7,14489.6,471642.9,1
"603",12060000,297.8,-12.4,-124545.5,28520.5,-153066,741.2,2003.8,3062,875.4,9664.7,18766.4,-188179.7,12811.5,12938.1,471262.8,1
"604",12080000,298.6,-56.8,-124337.3,28598.7,-152936,713.9,2006.9,3063.8,847.6,9649.3,18656.6,-187874.4,12955.7,13534.3,471508.1,1
"605",12100000,297.2,-72.7,-124693.8,28471.4,-153165.3,787.6,2059.5,3075.8,844,9588.7,18602.5,-188123.7,12935.3,13674.9,470944.3,1
"606",12120000,296.7,220.4,-124708.1,28415.5,-153123.7,751.9,2105.9,3065,818.5,9529.1,19095,-188489.4,12839.3,10594.4,471840.5,1
"607",12140000,297.1,144.9,-124326.1,28455.8,-152782,764.6,2008.1,3084.3,860.8,9575.7,18869,-187944.8,12982.9,11509,471113.2,1
"608",12160000,296.8,138.4,-124664.7,28425.4,-153090.1,719.3,1986.4,3063.2,865.6,9616.5,19145.7,-188487.2,12735.6,11329.1,470674.1,1
"609",12180000,297.8,-32.5,-124156.6,28521,-152677.6,755.3,2065.9,3092.3,866.6,9611.5,18754,-187823.4,12819.5,13150,471205,1
"610",12200000,297.4,-60.5,-124324.7,28486,-152810.8,778.7,2019.6,3116.1,831.5,9632.5,18915.6,-188105.1,12767.6,13383.9,471948.3,1
"611",12220000,299,-121.5,-124474.2,28640.7,-153115,773.1,2027.4,3033.5,855.8,9674.7,18692.5,-188172.3,13022.5,14258.6,471172.2,1
"612",12240000,298.9,-281.3,-124312.4,28628.7,-152941.2,720.4,1978,3103.5,856.4,9661.9,18553,-187814.7,12898,15762.8,471632.5,1
"613",12260000,295.8,3.6,-124832.6,28331.6,-153164.2,729.5,2044.4,3071.5,866.5,9711.8,19036,-188624.2,12792.9,12756,471154.9,1
"614",12280000,300.2,115.3,-124012.7,28752.5,-152765.2,761.6,1996.6,3051.5,859.9,9577.8,19052.1,-188065.1,13025,11847,473005.3,1
"615",12300000,298.3,108.3,-124123.5,28572.8,-152696.3,753.4,2005.4,3064.5,869.3,9694.2,18809.8,-187893.3,12958.7,11855.6,471907.4,1
"616",12320000,301,-95.4,-124282,28830,-153112,751.6,2007.6,3078.3,859.7,9671.7,18860.9,-188342.1,13127.8,14098.2,471280.3,1
"617",12340000,298.4,-72.5,-124256.7,28585.9,-152842.6,760.7,1958.3,3060.3,834.9,9593.9,18713.4,-187764.5,12917.2,13656.6,472113.6,1
"618",12360000,299.7,-18.9,-124613.9,28703.2,-153317.1,703.8,2048.5,3052,869.8,9606,19083.5,-188681.1,12935.4,13128.4,471808.6,1
"619",12380000,296.4,-8.6,-124417.5,28393.1,-152810.7,709,2043.8,3072.4,857,9628.4,18743.5,-187865.1,12849.6,12936.7,471278.6,1
"620",12400000,299.2,-123.1,-124398.5,28654.5,-153053,758.6,1976.3,3027.5,858,9584.2,18601.9,-187859.8,12944,14198,471646.7,1
"621",12420000,299.5,9.8,-124113.1,28692.2,-152805.4,731.1,2024.8,3088.7,841.7,9625,18827.5,-187944.6,12972.7,12873.2,472312.1,1
"622",12440000,299.6,35.2,-124002.2,28693.2,-152695.4,698.6,2066.1,3063.9,846.2,9608,18622.5,-187601,12958.1,12600,471238,1
"623",12460000,297.5,-62.2,-124342.7,28493.7,-152836.5,729.1,1985.4,3045.6,852.4,9685.5,18719.4,-187854.2,12939.4,13573.8,472336.6,1
"624",12480000,297.5,28.2,-124125.4,28491.4,-152616.9,771.5,2020.9,3036.1,851.4,9612,19096.8,-188005.9,12814.2,12526.4,472422.9,1
"625",12500000,299,79.6,-124680.4,28635.2,-153315.6,724.7,1945.1,3053.5,869,9655.7,19046.4,-188610.2,13007.5,12197.1,471606.4,1
